Name,Survival,Fare,Age,PassengerClass,No_of_siblings_plus_spouses_on_board,No_of_parents_plus_children_on_board,Sex_female,Sex_male,Sex_nan,Deck_A,Deck_B,Deck_C,Deck_D,Deck_E,Deck_F,Deck_G,Deck_T,Deck_Unkown,Embarked_Cherbourg,Embarked_Queenstown,Embarked_Southampton,Embarked_Unknown
"Braund, Mr. Owen Harris",0,7.25,22.0,3,1,0,0,1,0,0,0,0,0,0,0,0,0,1,0,0,1,0
"Heikkinen, Miss. Laina",1,7.925,26.0,3,0,0,1,0,0,0,0,0,0,0,0,0,0,1,0,0,1,0
"Allen, Mr. William Henry",0,8.05,35.0,3,0,0,0,1,0,0,0,0,0,0,0,0,0,1,0,0,1,0
"Moran, Mr. James",0,8.4583,-999.0,3,0,0,0,1,0,0,0,0,0,0,0,0,0,1,0,1,0,0
"McCarthy, Mr. Timothy J",0,51.8625,54.0,1,0,0,0,1,0,0,0,0,0,1,0,0,0,0,0,0,1,0
"Sandstrom, Miss. Marguerite Rut",1,16.7,4.0,3,1,1,1,0,0,0,0,0,0,0,0,1,0,0,0,0,1,0
"Bonnell, Miss. Elizabeth",1,26.55,58.0,1,0,0,1,0,0,0,0,1,0,0,0,0,0,0,0,0,1,0
"Andersson, Mr. Anders Johan",0,31.275,39.0,3,1,5,0,1,0,0,0,0,0,0,0,0,0,1,0,0,1,0
"Hewlett, Mrs. (Mary D Kingcome) ",1,16.0,55.0,2,0,0,1,0,0,0,0,0,0,0,0,0,0,1,0,0,1,0
"Rice, Master. Eugene",0,29.125,2.0,3,4,1,0,1,0,0,0,0,0,0,0,0,0,1,0,1,0,0
"Williams, Mr. Charles Eugene",1,13.0,-999.0,2,0,0,0,1,0,0,0,0,0,0,0,0,0,1,0,0,1,0
"Vander Planke, Mrs. Julius (Emelia Maria Vandemoortele)",0,18.0,31.0,3,1,0,1,0,0,0,0,0,0,0,0,0,0,1,0,0,1,0
"Masselmani, Mrs. Fatima",1,7.225,-999.0,3,0,0,1,0,0,0,0,0,0,0,0,0,0,1,1,0,0,0
"Fynney, Mr. Joseph J",0,26.0,35.0,2,0,0,0,1,0,0,0,0,0,0,0,0,0,1,0,0,1,0
"Beesley, Mr. Lawrence",1,13.0,34.0,2,0,0,0,1,0,0,0,0,1,0,0,0,0,0,0,0,1,0
"McGowan, Miss. Anna ""Annie""",1,8.0292,15.0,3,0,0,1,0,0,0,0,0,0,0,0,0,0,1,0,1,0,0
"Sloper, Mr. William Thompson",1,35.5,28.0,1,0,0,0,1,0,1,0,0,0,0,0,0,0,0,0,0,1,0
"Palsson, Miss. Torborg Danira",0,21.075,8.0,3,3,1,1,0,0,0,0,0,0,0,0,0,0,1,0,0,1,0
"Emir, Mr. Farred Chehab",0,7.225,-999.0,3,0,0,0,1,0,0,0,0,0,0,0,0,0,1,1,0,0,0
"Fortune, Mr. Charles Alexander",0,263.0,19.0,1,3,2,0,1,0,0,0,1,0,0,0,0,0,0,0,0,1,0
"O'Dwyer, Miss. Ellen ""Nellie""",1,7.8792,-999.0,3,0,0,1,0,0,0,0,0,0,0,0,0,0,1,0,1,0,0
"Todoroff, Mr. Lalio",0,7.8958,-999.0,3,0,0,0,1,0,0,0,0,0,0,0,0,0,1,0,0,1,0
"Uruchurtu, Don. Manuel E",0,27.7208,40.0,1,0,0,0,1,0,0,0,0,0,0,0,0,0,1,1,0,0,0
"Spencer, Mrs. William Augustus (Marie Eugenie)",1,146.5208,-999.0,1,1,0,1,0,0,0,1,0,0,0,0,0,0,0,1,0,0,0
"Wheadon, Mr. Edward H",0,10.5,66.0,2,0,0,0,1,0,0,0,0,0,0,0,0,0,1,0,0,1,0
"Holverson, Mr. Alexander Oskar",0,52.0,42.0,1,1,0,0,1,0,0,0,0,0,0,0,0,0,1,0,0,1,0
"Mamee, Mr. Hanna",1,7.2292,-999.0,3,0,0,0,1,0,0,0,0,0,0,0,0,0,1,1,0,0,0
"Cann, Mr. Ernest Charles",0,8.05,21.0,3,0,0,0,1,0,0,0,0,0,0,0,0,0,1,0,0,1,0
"Vander Planke, Miss. Augusta Maria",0,18.0,18.0,3,2,0,1,0,0,0,0,0,0,0,0,0,0,1,0,0,1,0
"Nicola-Yarred, Miss. Jamila",1,11.2417,14.0,3,1,0,1,0,0,0,0,0,0,0,0,0,0,1,1,0,0,0
"Ahlin, Mrs. Johan (Johanna Persdotter Larsson)",0,9.475,40.0,3,1,0,1,0,0,0,0,0,0,0,0,0,0,1,0,0,1,0
"Turpin, Mrs. William John Robert (Dorothy Ann Wonnacott)",0,21.0,27.0,2,1,0,1,0,0,0,0,0,0,0,0,0,0,1,0,0,1,0
"Laroche, Miss. Simonne Marie Anne Andree",1,41.5792,3.0,2,1,2,1,0,0,0,0,0,0,0,0,0,0,1,1,0,0,0
"Rogers, Mr. William John",0,8.05,-999.0,3,0,0,0,1,0,0,0,0,0,0,0,0,0,1,0,0,1,0
"Lennon, Mr. Denis",0,15.5,-999.0,3,1,0,0,1,0,0,0,0,0,0,0,0,0,1,0,1,0,0
"O'Driscoll, Miss. Bridget",1,7.75,-999.0,3,0,0,1,0,0,0,0,0,0,0,0,0,0,1,0,1,0,0
"Samaan, Mr. Youssef",0,21.6792,-999.0,3,2,0,0,1,0,0,0,0,0,0,0,0,0,1,1,0,0,0
"Panula, Master. Juha Niilo",0,39.6875,7.0,3,4,1,0,1,0,0,0,0,0,0,0,0,0,1,0,0,1,0
"Nosworthy, Mr. Richard Cater",0,7.8,21.0,3,0,0,0,1,0,0,0,0,0,0,0,0,0,1,0,0,1,0
"Harper, Mrs. Henry Sleeper (Myna Haxtun)",1,76.7292,49.0,1,1,0,1,0,0,0,0,0,1,0,0,0,0,0,1,0,0,0
"Faunthorpe, Mrs. Lizzie (Elizabeth Anne Wilkinson)",1,26.0,29.0,2,1,0,1,0,0,0,0,0,0,0,0,0,0,1,0,0,1,0
"Ostby, Mr. Engelhart Cornelius",0,61.9792,65.0,1,0,1,0,1,0,0,1,0,0,0,0,0,0,0,1,0,0,0
"Woolner, Mr. Hugh",1,35.5,-999.0,1,0,0,0,1,0,0,0,1,0,0,0,0,0,0,0,0,1,0
"Novel, Mr. Mansouer",0,7.2292,28.5,3,0,0,0,1,0,0,0,0,0,0,0,0,0,1,1,0,0,0
"West, Miss. Constance Mirium",1,27.75,5.0,2,1,2,1,0,0,0,0,0,0,0,0,0,0,1,0,0,1,0
"Goodwin, Master. William Frederick",0,46.9,11.0,3,5,2,0,1,0,0,0,0,0,0,0,0,0,1,0,0,1,0
"Sirayanian, Mr. Orsen",0,7.2292,22.0,3,0,0,0,1,0,0,0,0,0,0,0,0,0,1,1,0,0,0
"Icard, Miss. Amelie",1,80.0,38.0,1,0,0,1,0,0,0,1,0,0,0,0,0,0,0,0,0,0,1
"Stewart, Mr. Albert A",0,27.7208,-999.0,1,0,0,0,1,0,0,0,0,0,0,0,0,0,1,1,0,0,0
"Moubarek, Master. Gerios",1,15.2458,-999.0,3,1,1,0,1,0,0,0,0,0,0,0,0,0,1,1,0,0,0
"Nye, Mrs. (Elizabeth Ramell)",1,10.5,29.0,2,0,0,1,0,0,0,0,0,0,0,1,0,0,0,0,0,1,0
"Crease, Mr. Ernest James",0,8.1583,19.0,3,0,0,0,1,0,0,0,0,0,0,0,0,0,1,0,0,1,0
"Andersson, Miss. Erna Alexandra",1,7.925,17.0,3,4,2,1,0,0,0,0,0,0,0,0,0,0,1,0,0,1,0
"Jenkin, Mr. Stephen Curnow",0,10.5,32.0,2,0,0,0,1,0,0,0,0,0,0,0,0,0,1,0,0,1,0
"Goodwin, Miss. Lillian Amy",0,46.9,16.0,3,5,2,1,0,0,0,0,0,0,0,0,0,0,1,0,0,1,0
"Chronopoulos, Mr. Apostolos",0,14.4542,26.0,3,1,0,0,1,0,0,0,0,0,0,0,0,0,1,1,0,0,0
"Bing, Mr. Lee",1,56.4958,32.0,3,0,0,0,1,0,0,0,0,0,0,0,0,0,1,0,0,1,0
"Moen, Mr. Sigurd Hansen",0,7.65,25.0,3,0,0,0,1,0,0,0,0,0,0,1,0,0,0,0,0,1,0
"Staneff, Mr. Ivan",0,7.8958,-999.0,3,0,0,0,1,0,0,0,0,0,0,0,0,0,1,0,0,1,0
"Moutal, Mr. Rahamin Haim",0,8.05,-999.0,3,0,0,0,1,0,0,0,0,0,0,0,0,0,1,0,0,1,0
"Caldwell, Master. Alden Gates",1,29.0,0.83,2,0,2,0,1,0,0,0,0,0,0,0,0,0,1,0,0,1,0
"Dowdell, Miss. Elizabeth",1,12.475,30.0,3,0,0,1,0,0,0,0,0,0,0,0,0,0,1,0,0,1,0
"Waelens, Mr. Achille",0,9.0,22.0,3,0,0,0,1,0,0,0,0,0,0,0,0,0,1,0,0,1,0
"Sheerlinck, Mr. Jan Baptist",1,9.5,29.0,3,0,0,0,1,0,0,0,0,0,0,0,0,0,1,0,0,1,0
"McDermott, Miss. Brigdet Delia",1,7.7875,-999.0,3,0,0,1,0,0,0,0,0,0,0,0,0,0,1,0,1,0,0
"Carrau, Mr. Francisco M",0,47.1,28.0,1,0,0,0,1,0,0,0,0,0,0,0,0,0,1,0,0,1,0
"Backstrom, Mrs. Karl Alfred (Maria Mathilda Gustafsson)",1,15.85,33.0,3,3,0,1,0,0,0,0,0,0,0,0,0,0,1,0,0,1,0
"Slocovski, Mr. Selman Francis",0,8.05,-999.0,3,0,0,0,1,0,0,0,0,0,0,0,0,0,1,0,0,1,0
"Fortune, Miss. Mabel Helen",1,263.0,23.0,1,3,2,1,0,0,0,0,1,0,0,0,0,0,0,0,0,1,0
"Celotti, Mr. Francesco",0,8.05,24.0,3,0,0,0,1,0,0,0,0,0,0,0,0,0,1,0,0,1,0
"Dean, Mr. Bertram Frank",0,20.575,26.0,3,1,2,0,1,0,0,0,0,0,0,0,0,0,1,0,0,1,0
"Coxon, Mr. Daniel",0,7.25,59.0,3,0,0,0,1,0,0,0,0,0,0,0,0,0,1,0,0,1,0
"Shorney, Mr. Charles Joseph",0,8.05,-999.0,3,0,0,0,1,0,0,0,0,0,0,0,0,0,1,0,0,1,0
"Goldschmidt, Mr. George B",0,34.6542,71.0,1,0,0,0,1,0,1,0,0,0,0,0,0,0,0,1,0,0,0
"Greenfield, Mr. William Bertram",1,63.3583,23.0,1,0,1,0,1,0,0,0,0,1,0,0,0,0,0,1,0,0,0
"Doling, Mrs. John T (Ada Julia Bone)",1,23.0,34.0,2,0,1,1,0,0,0,0,0,0,0,0,0,0,1,0,0,1,0
"Kantor, Mr. Sinai",0,26.0,34.0,2,1,0,0,1,0,0,0,0,0,0,0,0,0,1,0,0,1,0
"Petranec, Miss. Matilda",0,7.8958,28.0,3,0,0,1,0,0,0,0,0,0,0,0,0,0,1,0,0,1,0
"Johansson, Mr. Gustaf Joel",0,8.6542,33.0,3,0,0,0,1,0,0,0,0,0,0,0,0,0,1,0,0,1,0
"Gustafsson, Mr. Anders Vilhelm",0,7.925,37.0,3,2,0,0,1,0,0,0,0,0,0,0,0,0,1,0,0,1,0
"Mionoff, Mr. Stoytcho",0,7.8958,28.0,3,0,0,0,1,0,0,0,0,0,0,0,0,0,1,0,0,1,0
"Salkjelsvik, Miss. Anna Kristine",1,7.65,21.0,3,0,0,1,0,0,0,0,0,0,0,0,0,0,1,0,0,1,0
"Moss, Mr. Albert Johan",1,7.775,-999.0,3,0,0,0,1,0,0,0,0,0,0,0,0,0,1,0,0,1,0
"Porter, Mr. Walter Chamberlain",0,52.0,47.0,1,0,0,0,1,0,0,0,1,0,0,0,0,0,0,0,0,1,0
"Zabour, Miss. Hileni",0,14.4542,14.5,3,1,0,1,0,0,0,0,0,0,0,0,0,0,1,1,0,0,0
"Attalah, Miss. Malake",0,14.4583,17.0,3,0,0,1,0,0,0,0,0,0,0,0,0,0,1,1,0,0,0
"Connors, Mr. Patrick",0,7.75,70.5,3,0,0,0,1,0,0,0,0,0,0,0,0,0,1,0,1,0,0
"Baxter, Mr. Quigg Edmond",0,247.5208,24.0,1,0,1,0,1,0,0,1,0,0,0,0,0,0,0,1,0,0,0
"Andersson, Miss. Ellis Anna Maria",0,31.275,2.0,3,4,2,1,0,0,0,0,0,0,0,0,0,0,1,0,0,1,0
"Hickman, Mr. Stanley George",0,73.5,21.0,2,2,0,0,1,0,0,0,0,0,0,0,0,0,1,0,0,1,0
"Nasser, Mr. Nicholas",0,30.0708,32.5,2,1,0,0,1,0,0,0,0,0,0,0,0,0,1,1,0,0,0
"Webber, Miss. Susan",1,13.0,32.5,2,0,0,1,0,0,0,0,0,0,1,0,0,0,0,0,0,1,0
"White, Mr. Percival Wayland",0,77.2875,54.0,1,0,1,0,1,0,0,0,0,1,0,0,0,0,0,0,0,1,0
"Nicola-Yarred, Master. Elias",1,11.2417,12.0,3,1,0,0,1,0,0,0,0,0,0,0,0,0,1,1,0,0,0
"McMahon, Mr. Martin",0,7.75,-999.0,3,0,0,0,1,0,0,0,0,0,0,0,0,0,1,0,1,0,0
"Madsen, Mr. Fridtjof Arne",1,7.1417,24.0,3,0,0,0,1,0,0,0,0,0,0,0,0,0,1,0,0,1,0
"Peter, Miss. Anna",1,22.3583,-999.0,3,1,1,1,0,0,0,0,0,0,0,1,0,0,0,1,0,0,0
"Ekstrom, Mr. Johan",0,6.975,45.0,3,0,0,0,1,0,0,0,0,0,0,0,0,0,1,0,0,1,0
"Drazenoic, Mr. Jozef",0,7.8958,33.0,3,0,0,0,1,0,0,0,0,0,0,0,0,0,1,1,0,0,0
"Coelho, Mr. Domingos Fernandeo",0,7.05,20.0,3,0,0,0,1,0,0,0,0,0,0,0,0,0,1,0,0,1,0
"Robins, Mrs. Alexander A (Grace Charity Laury)",0,14.5,47.0,3,1,0,1,0,0,0,0,0,0,0,0,0,0,1,0,0,1,0
"Weisz, Mrs. Leopold (Mathilde Francoise Pede)",1,26.0,29.0,2,1,0,1,0,0,0,0,0,0,0,0,0,0,1,0,0,1,0
"Sobey, Mr. Samuel James Hayden",0,13.0,25.0,2,0,0,0,1,0,0,0,0,0,0,0,0,0,1,0,0,1,0
"Richard, Mr. Emile",0,15.0458,23.0,2,0,0,0,1,0,0,0,0,0,0,0,0,0,1,1,0,0,0
"Newsom, Miss. Helen Monypeny",1,26.2833,19.0,1,0,2,1,0,0,0,0,0,1,0,0,0,0,0,0,0,1,0
"Futrelle, Mr. Jacques Heath",0,53.1,37.0,1,1,0,0,1,0,0,0,1,0,0,0,0,0,0,0,0,1,0
"Giglio, Mr. Victor",0,79.2,24.0,1,0,0,0,1,0,0,1,0,0,0,0,0,0,0,1,0,0,0
"Boulos, Mrs. Joseph (Sultana)",0,15.2458,-999.0,3,0,2,1,0,0,0,0,0,0,0,0,0,0,1,1,0,0,0
"Nysten, Miss. Anna Sofia",1,7.75,22.0,3,0,0,1,0,0,0,0,0,0,0,0,0,0,1,0,0,1,0
"Hakkarainen, Mrs. Pekka Pietari (Elin Matilda Dolck)",1,15.85,24.0,3,1,0,1,0,0,0,0,0,0,0,0,0,0,1,0,0,1,0
"Burke, Mr. Jeremiah",0,6.75,19.0,3,0,0,0,1,0,0,0,0,0,0,0,0,0,1,0,1,0,0
"Andrew, Mr. Edgardo Samuel",0,11.5,18.0,2,0,0,0,1,0,0,0,0,0,0,0,0,0,1,0,0,1,0
"Nicholls, Mr. Joseph Charles",0,36.75,19.0,2,1,1,0,1,0,0,0,0,0,0,0,0,0,1,0,0,1,0
"Andersson, Mr. August Edvard (""Wennerstrom"")",1,7.7958,27.0,3,0,0,0,1,0,0,0,0,0,0,0,0,0,1,0,0,1,0
"Byles, Rev. Thomas Roussel Davids",0,13.0,42.0,2,0,0,0,1,0,0,0,0,0,0,0,0,0,1,0,0,1,0
"Pears, Mrs. Thomas (Edith Wearne)",1,66.6,22.0,1,1,0,1,0,0,0,0,1,0,0,0,0,0,0,0,0,1,0
"van Billiard, Mr. Austin Blyler",0,14.5,40.5,3,0,2,0,1,0,0,0,0,0,0,0,0,0,1,0,0,1,0
"Olsen, Mr. Ole Martin",0,7.3125,-999.0,3,0,0,0,1,0,0,0,0,0,0,0,0,0,1,0,0,1,0
"Williams, Mr. Charles Duane",0,61.3792,51.0,1,0,1,0,1,0,0,0,0,0,0,0,0,0,1,1,0,0,0
"Gilnagh, Miss. Katherine ""Katie""",1,7.7333,16.0,3,0,0,1,0,0,0,0,0,0,0,0,0,0,1,0,1,0,0
"Corn, Mr. Harry",0,8.05,30.0,3,0,0,0,1,0,0,0,0,0,0,0,0,0,1,0,0,1,0
"Smiljanic, Mr. Mile",0,8.6625,-999.0,3,0,0,0,1,0,0,0,0,0,0,0,0,0,1,0,0,1,0
"Sage, Master. Thomas Henry",0,69.55,-999.0,3,8,2,0,1,0,0,0,0,0,0,0,0,0,1,0,0,1,0
"Watt, Mrs. James (Elizabeth ""Bessie"" Inglis Milne)",1,15.75,40.0,2,0,0,1,0,0,0,0,0,0,0,0,0,0,1,0,0,1,0
"Bengtsson, Mr. John Viktor",0,7.775,26.0,3,0,0,0,1,0,0,0,0,0,0,0,0,0,1,0,0,1,0
"Calic, Mr. Jovo",0,8.6625,17.0,3,0,0,0,1,0,0,0,0,0,0,0,0,0,1,0,0,1,0
"Panula, Master. Eino Viljami",0,39.6875,1.0,3,4,1,0,1,0,0,0,0,0,0,0,0,0,1,0,0,1,0
"Goldsmith, Master. Frank John William ""Frankie""",1,20.525,9.0,3,0,2,0,1,0,0,0,0,0,0,0,0,0,1,0,0,1,0
"Skoog, Mrs. William (Anna Bernhardina Karlsson)",0,27.9,45.0,3,1,4,1,0,0,0,0,0,0,0,0,0,0,1,0,0,1,0
"Baumann, Mr. John D",0,25.925,-999.0,1,0,0,0,1,0,0,0,0,0,0,0,0,0,1,0,0,1,0
"Ling, Mr. Lee",0,56.4958,28.0,3,0,0,0,1,0,0,0,0,0,0,0,0,0,1,0,0,1,0
"Rice, Master. Arthur",0,29.125,4.0,3,4,1,0,1,0,0,0,0,0,0,0,0,0,1,0,1,0,0
"Johnson, Miss. Eleanor Ileen",1,11.1333,1.0,3,1,1,1,0,0,0,0,0,0,0,0,0,0,1,0,0,1,0
"Smith, Mr. James Clinch",0,30.6958,56.0,1,0,0,0,1,0,1,0,0,0,0,0,0,0,0,1,0,0,0
"Lefebre, Master. Henry Forbes",0,25.4667,-999.0,3,3,1,0,1,0,0,0,0,0,0,0,0,0,1,0,0,1,0
"Isham, Miss. Ann Elizabeth",0,28.7125,50.0,1,0,0,1,0,0,0,0,1,0,0,0,0,0,0,1,0,0,0
"Hale, Mr. Reginald",0,13.0,30.0,2,0,0,0,1,0,0,0,0,0,0,0,0,0,1,0,0,1,0
"Leonard, Mr. Lionel",0,0.0,36.0,3,0,0,0,1,0,0,0,0,0,0,0,0,0,1,0,0,1,0
"Sage, Miss. Constance Gladys",0,69.55,-999.0,3,8,2,1,0,0,0,0,0,0,0,0,0,0,1,0,0,1,0
"Pernot, Mr. Rene",0,15.05,-999.0,2,0,0,0,1,0,0,0,0,0,0,0,0,0,1,1,0,0,0
"Asplund, Master. Clarence Gustaf Hugo",0,31.3875,9.0,3,4,2,0,1,0,0,0,0,0,0,0,0,0,1,0,0,1,0
"Becker, Master. Richard F",1,39.0,1.0,2,2,1,0,1,0,0,0,0,0,0,1,0,0,0,0,0,1,0
"Kink-Heilmann, Miss. Luise Gretchen",1,22.025,4.0,3,0,2,1,0,0,0,0,0,0,0,0,0,0,1,0,0,1,0
"O'Brien, Mrs. Thomas (Johanna ""Hannah"" Godfrey)",1,15.5,-999.0,3,1,0,1,0,0,0,0,0,0,0,0,0,0,1,0,1,0,0
"Romaine, Mr. Charles Hallace (""Mr C Rolmane"")",1,26.55,45.0,1,0,0,0,1,0,0,0,0,0,0,0,0,0,1,0,0,1,0
"Bourke, Mr. John",0,15.5,40.0,3,1,1,0,1,0,0,0,0,0,0,0,0,0,1,0,1,0,0
"Turcin, Mr. Stjepan",0,7.8958,36.0,3,0,0,0,1,0,0,0,0,0,0,0,0,0,1,0,0,1,0
"Pinsky, Mrs. (Rosa)",1,13.0,32.0,2,0,0,1,0,0,0,0,0,0,0,0,0,0,1,0,0,1,0
"Carbines, Mr. William",0,13.0,19.0,2,0,0,0,1,0,0,0,0,0,0,0,0,0,1,0,0,1,0
"Navratil, Master. Michel M",1,26.0,3.0,2,1,1,0,1,0,0,0,0,0,0,1,0,0,0,0,0,1,0
"Lurette, Miss. Elise",1,146.5208,58.0,1,0,0,1,0,0,0,1,0,0,0,0,0,0,0,1,0,0,0
"Mernagh, Mr. Robert",0,7.75,-999.0,3,0,0,0,1,0,0,0,0,0,0,0,0,0,1,0,1,0,0
"Olsen, Mr. Karl Siegwart Andreas",0,8.4042,42.0,3,0,1,0,1,0,0,0,0,0,0,0,0,0,1,0,0,1,0
"Madigan, Miss. Margaret ""Maggie""",1,7.75,-999.0,3,0,0,1,0,0,0,0,0,0,0,0,0,0,1,0,1,0,0
"Yrois, Miss. Henriette (""Mrs Harbeck"")",0,13.0,24.0,2,0,0,1,0,0,0,0,0,0,0,0,0,0,1,0,0,1,0
"Sage, Mr. Frederick",0,69.55,-999.0,3,8,2,0,1,0,0,0,0,0,0,0,0,0,1,0,0,1,0
"Johanson, Mr. Jakob Alfred",0,6.4958,34.0,3,0,0,0,1,0,0,0,0,0,0,0,0,0,1,0,0,1,0
"Youseff, Mr. Gerious",0,7.225,45.5,3,0,0,0,1,0,0,0,0,0,0,0,0,0,1,1,0,0,0
"Cohen, Mr. Gurshon ""Gus""",1,8.05,18.0,3,0,0,0,1,0,0,0,0,0,0,0,0,0,1,0,0,1,0
"Strom, Miss. Telma Matilda",0,10.4625,2.0,3,0,1,1,0,0,0,0,0,0,0,0,1,0,0,0,0,1,0
"Albimona, Mr. Nassef Cassem",1,18.7875,26.0,3,0,0,0,1,0,0,0,0,0,0,0,0,0,1,1,0,0,0
"Carr, Miss. Helen ""Ellen""",1,7.75,16.0,3,0,0,1,0,0,0,0,0,0,0,0,0,0,1,0,1,0,0
"Cameron, Miss. Clear Annie",1,21.0,35.0,2,0,0,1,0,0,0,0,0,0,0,0,0,0,1,0,0,1,0
"Perkin, Mr. John Henry",0,7.25,22.0,3,0,0,0,1,0,0,0,0,0,0,0,0,0,1,0,0,1,0
"Givard, Mr. Hans Kristensen",0,13.0,30.0,2,0,0,0,1,0,0,0,0,0,0,0,0,0,1,0,0,1,0
"Kiernan, Mr. Philip",0,7.75,-999.0,3,1,0,0,1,0,0,0,0,0,0,0,0,0,1,0,1,0,0
"Newell, Miss. Madeleine",1,113.275,31.0,1,1,0,1,0,0,0,0,0,1,0,0,0,0,0,1,0,0,0
"Honkanen, Miss. Eliina",1,7.925,27.0,3,0,0,1,0,0,0,0,0,0,0,0,0,0,1,0,0,1,0
"Jacobsohn, Mr. Sidney Samuel",0,27.0,42.0,2,1,0,0,1,0,0,0,0,0,0,0,0,0,1,0,0,1,0
"Bazzani, Miss. Albina",1,76.2917,32.0,1,0,0,1,0,0,0,0,0,1,0,0,0,0,0,1,0,0,0
"Harris, Mr. Walter",0,10.5,30.0,2,0,0,0,1,0,0,0,0,0,0,0,0,0,1,0,0,1,0
"Sunderland, Mr. Victor Francis",1,8.05,16.0,3,0,0,0,1,0,0,0,0,0,0,0,0,0,1,0,0,1,0
"Bracken, Mr. James H",0,13.0,27.0,2,0,0,0,1,0,0,0,0,0,0,0,0,0,1,0,0,1,0
"Hoyt, Mr. Frederick Maxfield",1,90.0,38.0,1,1,0,0,1,0,0,0,1,0,0,0,0,0,0,0,0,1,0
"Berglund, Mr. Karl Ivar Sven",0,9.35,22.0,3,0,0,0,1,0,0,0,0,0,0,0,0,0,1,0,0,1,0
"Mellors, Mr. William John",1,10.5,19.0,2,0,0,0,1,0,0,0,0,0,0,0,0,0,1,0,0,1,0
"Lovell, Mr. John Hall (""Henry"")",0,7.25,20.5,3,0,0,0,1,0,0,0,0,0,0,0,0,0,1,0,0,1,0
"Fahlstrom, Mr. Arne Jonas",0,13.0,18.0,2,0,0,0,1,0,0,0,0,0,0,0,0,0,1,0,0,1,0
"Lefebre, Miss. Mathilde",0,25.4667,-999.0,3,3,1,1,0,0,0,0,0,0,0,0,0,0,1,0,0,1,0
"Harris, Mrs. Henry Birkhardt (Irene Wallach)",1,83.475,35.0,1,1,0,1,0,0,0,0,1,0,0,0,0,0,0,0,0,1,0
"Larsson, Mr. Bengt Edvin",0,7.775,29.0,3,0,0,0,1,0,0,0,0,0,0,0,0,0,1,0,0,1,0
"Sjostedt, Mr. Ernst Adolf",0,13.5,59.0,2,0,0,0,1,0,0,0,0,0,0,0,0,0,1,0,0,1,0
"Leyson, Mr. Robert William Norman",0,10.5,24.0,2,0,0,0,1,0,0,0,0,0,0,0,0,0,1,0,0,1,0
"Hold, Mr. Stephen",0,26.0,44.0,2,1,0,0,1,0,0,0,0,0,0,0,0,0,1,0,0,1,0
"Collyer, Miss. Marjorie ""Lottie""",1,26.25,8.0,2,0,2,1,0,0,0,0,0,0,0,0,0,0,1,0,0,1,0
"Pengelly, Mr. Frederick William",0,10.5,19.0,2,0,0,0,1,0,0,0,0,0,0,0,0,0,1,0,0,1,0
"Zabour, Miss. Thamine",0,14.4542,-999.0,3,1,0,1,0,0,0,0,0,0,0,0,0,0,1,1,0,0,0
"Murphy, Miss. Katherine ""Kate""",1,15.5,-999.0,3,1,0,1,0,0,0,0,0,0,0,0,0,0,1,0,1,0,0
"Coleridge, Mr. Reginald Charles",0,10.5,29.0,2,0,0,0,1,0,0,0,0,0,0,0,0,0,1,0,0,1,0
"Maenpaa, Mr. Matti Alexanteri",0,7.125,22.0,3,0,0,0,1,0,0,0,0,0,0,0,0,0,1,0,0,1,0
"Attalah, Mr. Sleiman",0,7.225,30.0,3,0,0,0,1,0,0,0,0,0,0,0,0,0,1,1,0,0,0
"Minahan, Dr. William Edward",0,90.0,44.0,1,2,0,0,1,0,0,0,1,0,0,0,0,0,0,0,1,0,0
"Lindahl, Miss. Agda Thorilda Viktoria",0,7.775,25.0,3,0,0,1,0,0,0,0,0,0,0,0,0,0,1,0,0,1,0
"Hamalainen, Mrs. William (Anna)",1,14.5,24.0,2,0,2,1,0,0,0,0,0,0,0,0,0,0,1,0,0,1,0
"Beckwith, Mr. Richard Leonard",1,52.5542,37.0,1,1,1,0,1,0,0,0,0,1,0,0,0,0,0,0,0,1,0
"Carter, Rev. Ernest Courtenay",0,26.0,54.0,2,1,0,0,1,0,0,0,0,0,0,0,0,0,1,0,0,1,0
"Strom, Mrs. Wilhelm (Elna Matilda Persson)",0,10.4625,29.0,3,1,1,1,0,0,0,0,0,0,0,0,1,0,0,0,0,1,0
"Lobb, Mr. William Arthur",0,16.1,30.0,3,1,0,0,1,0,0,0,0,0,0,0,0,0,1,0,0,1,0
"Rosblom, Mrs. Viktor (Helena Wilhelmina)",0,20.2125,41.0,3,0,2,1,0,0,0,0,0,0,0,0,0,0,1,0,0,1,0
"Touma, Mrs. Darwis (Hanne Youssef Razi)",1,15.2458,29.0,3,0,2,1,0,0,0,0,0,0,0,0,0,0,1,1,0,0,0
"Cherry, Miss. Gladys",1,86.5,30.0,1,0,0,1,0,0,0,1,0,0,0,0,0,0,0,0,0,1,0
"Ward, Miss. Anna",1,512.3292,35.0,1,0,0,1,0,0,0,0,0,0,0,0,0,0,1,1,0,0,0
"Taussig, Mr. Emil",0,79.65,52.0,1,1,1,0,1,0,0,0,0,0,1,0,0,0,0,0,0,1,0
"Harrison, Mr. William",0,0.0,40.0,1,0,0,0,1,0,0,1,0,0,0,0,0,0,0,0,0,1,0
"Henry, Miss. Delia",0,7.75,-999.0,3,0,0,1,0,0,0,0,0,0,0,0,0,0,1,0,1,0,0
"Reeves, Mr. David",0,10.5,36.0,2,0,0,0,1,0,0,0,0,0,0,0,0,0,1,0,0,1,0
"Panula, Mr. Ernesti Arvid",0,39.6875,16.0,3,4,1,0,1,0,0,0,0,0,0,0,0,0,1,0,0,1,0
"Persson, Mr. Ernst Ulrik",1,7.775,25.0,3,1,0,0,1,0,0,0,0,0,0,0,0,0,1,0,0,1,0
"Graham, Mrs. William Thompson (Edith Junkins)",1,153.4625,58.0,1,0,1,1,0,0,0,0,1,0,0,0,0,0,0,0,0,1,0
"Bissette, Miss. Amelia",1,135.6333,35.0,1,0,0,1,0,0,0,0,1,0,0,0,0,0,0,0,0,1,0
"Cairns, Mr. Alexander",0,31.0,-999.0,1,0,0,0,1,0,0,0,0,0,0,0,0,0,1,0,0,1,0
"Tornquist, Mr. William Henry",1,0.0,25.0,3,0,0,0,1,0,0,0,0,0,0,0,0,0,1,0,0,1,0
"Mellinger, Mrs. (Elizabeth Anne Maidment)",1,19.5,41.0,2,0,1,1,0,0,0,0,0,0,0,0,0,0,1,0,0,1,0
"Natsch, Mr. Charles H",0,29.7,37.0,1,0,1,0,1,0,0,0,1,0,0,0,0,0,0,1,0,0,0
"Lindblom, Miss. Augusta Charlotta",0,7.75,45.0,3,0,0,1,0,0,0,0,0,0,0,0,0,0,1,0,0,1,0
"Parkes, Mr. Francis ""Frank""",0,0.0,-999.0,2,0,0,0,1,0,0,0,0,0,0,0,0,0,1,0,0,1,0
"Rice, Master. Eric",0,29.125,7.0,3,4,1,0,1,0,0,0,0,0,0,0,0,0,1,0,1,0,0
"Duane, Mr. Frank",0,7.75,65.0,3,0,0,0,1,0,0,0,0,0,0,0,0,0,1,0,1,0,0
"Olsson, Mr. Nils Johan Goransson",0,7.8542,28.0,3,0,0,0,1,0,0,0,0,0,0,0,0,0,1,0,0,1,0
"de Pelsmaeker, Mr. Alfons",0,9.5,16.0,3,0,0,0,1,0,0,0,0,0,0,0,0,0,1,0,0,1,0
"Dorking, Mr. Edward Arthur",1,8.05,19.0,3,0,0,0,1,0,0,0,0,0,0,0,0,0,1,0,0,1,0
"Stankovic, Mr. Ivan",0,8.6625,33.0,3,0,0,0,1,0,0,0,0,0,0,0,0,0,1,1,0,0,0
"de Mulder, Mr. Theodore",1,9.5,30.0,3,0,0,0,1,0,0,0,0,0,0,0,0,0,1,0,0,1,0
"Naidenoff, Mr. Penko",0,7.8958,22.0,3,0,0,0,1,0,0,0,0,0,0,0,0,0,1,0,0,1,0
"Hosono, Mr. Masabumi",1,13.0,42.0,2,0,0,0,1,0,0,0,0,0,0,0,0,0,1,0,0,1,0
"Barber, Miss. Ellen ""Nellie""",1,78.85,26.0,1,0,0,1,0,0,0,0,0,0,0,0,0,0,1,0,0,1,0
"Haas, Miss. Aloisia",0,8.85,24.0,3,0,0,1,0,0,0,0,0,0,0,0,0,0,1,0,0,1,0
"Mineff, Mr. Ivan",0,7.8958,24.0,3,0,0,0,1,0,0,0,0,0,0,0,0,0,1,0,0,1,0
"Hanna, Mr. Mansour",0,7.2292,23.5,3,0,0,0,1,0,0,0,0,0,0,0,0,0,1,1,0,0,0
"Allison, Miss. Helen Loraine",0,151.55,2.0,1,1,2,1,0,0,0,0,1,0,0,0,0,0,0,0,0,1,0
"Saalfeld, Mr. Adolphe",1,30.5,-999.0,1,0,0,0,1,0,0,0,1,0,0,0,0,0,0,0,0,1,0
"Baxter, Mrs. James (Helene DeLaudeniere Chaput)",1,247.5208,50.0,1,0,1,1,0,0,0,1,0,0,0,0,0,0,0,1,0,0,0
"Kelly, Miss. Anna Katherine ""Annie Kate""",1,7.75,-999.0,3,0,0,1,0,0,0,0,0,0,0,0,0,0,1,0,1,0,0
"McCoy, Mr. Bernard",1,23.25,-999.0,3,2,0,0,1,0,0,0,0,0,0,0,0,0,1,0,1,0,0
"Johnson, Mr. William Cahoone Jr",0,0.0,19.0,3,0,0,0,1,0,0,0,0,0,0,0,0,0,1,0,0,1,0
"Keane, Miss. Nora A",1,12.35,-999.0,2,0,0,1,0,0,0,0,0,0,1,0,0,0,0,0,1,0,0
"Allison, Master. Hudson Trevor",1,151.55,0.92,1,1,2,0,1,0,0,0,1,0,0,0,0,0,0,0,0,1,0
"Fleming, Miss. Margaret",1,110.8833,-999.0,1,0,0,1,0,0,0,0,0,0,0,0,0,0,1,1,0,0,0
"Penasco y Castellana, Mrs. Victor de Satode (Maria Josefa Perez de Soto y Vallejo)",1,108.9,17.0,1,1,0,1,0,0,0,0,1,0,0,0,0,0,0,1,0,0,0
"Abelson, Mr. Samuel",0,24.0,30.0,2,1,0,0,1,0,0,0,0,0,0,0,0,0,1,1,0,0,0
"Francatelli, Miss. Laura Mabel",1,56.9292,30.0,1,0,0,1,0,0,0,0,0,0,1,0,0,0,0,1,0,0,0
"Hays, Miss. Margaret Bechstein",1,83.1583,24.0,1,0,0,1,0,0,0,0,1,0,0,0,0,0,0,1,0,0,0
"Ryerson, Miss. Emily Borie",1,262.375,18.0,1,2,2,1,0,0,0,1,0,0,0,0,0,0,0,1,0,0,0
"Lahtinen, Mrs. William (Anna Sylfven)",0,26.0,26.0,2,1,1,1,0,0,0,0,0,0,0,0,0,0,1,0,0,1,0
"Hendekovic, Mr. Ignjac",0,7.8958,28.0,3,0,0,0,1,0,0,0,0,0,0,0,0,0,1,0,0,1,0
"Hart, Mr. Benjamin",0,26.25,43.0,2,1,1,0,1,0,0,0,0,0,0,0,0,0,1,0,0,1,0
"Nilsson, Miss. Helmina Josefina",1,7.8542,26.0,3,0,0,1,0,0,0,0,0,0,0,0,0,0,1,0,0,1,0
"Kantor, Mrs. Sinai (Miriam Sternin)",1,26.0,24.0,2,1,0,1,0,0,0,0,0,0,0,0,0,0,1,0,0,1,0
"Moraweck, Dr. Ernest",0,14.0,54.0,2,0,0,0,1,0,0,0,0,0,0,0,0,0,1,0,0,1,0
"Wick, Miss. Mary Natalie",1,164.8667,31.0,1,0,2,1,0,0,0,0,1,0,0,0,0,0,0,0,0,1,0
"Spedden, Mrs. Frederic Oakley (Margaretta Corning Stone)",1,134.5,40.0,1,1,1,1,0,0,0,0,0,0,1,0,0,0,0,1,0,0,0
"Dennis, Mr. Samuel",0,7.25,22.0,3,0,0,0,1,0,0,0,0,0,0,0,0,0,1,0,0,1,0
"Danoff, Mr. Yoto",0,7.8958,27.0,3,0,0,0,1,0,0,0,0,0,0,0,0,0,1,0,0,1,0
"Slayter, Miss. Hilda Mary",1,12.35,30.0,2,0,0,1,0,0,0,0,0,0,0,0,0,0,1,0,1,0,0
"Caldwell, Mrs. Albert Francis (Sylvia Mae Harbaugh)",1,29.0,22.0,2,1,1,1,0,0,0,0,0,0,0,0,0,0,1,0,0,1,0
"Young, Miss. Marie Grice",1,135.6333,36.0,1,0,0,1,0,0,0,0,1,0,0,0,0,0,0,1,0,0,0
"Ball, Mrs. (Ada E Hall)",1,13.0,36.0,2,0,0,1,0,0,0,0,0,1,0,0,0,0,0,0,0,1,0
"Goldsmith, Mrs. Frank John (Emily Alice Brown)",1,20.525,31.0,3,1,1,1,0,0,0,0,0,0,0,0,0,0,1,0,0,1,0
"Hippach, Miss. Jean Gertrude",1,57.9792,16.0,1,0,1,1,0,0,0,1,0,0,0,0,0,0,0,1,0,0,0
"McCoy, Miss. Agnes",1,23.25,-999.0,3,2,0,1,0,0,0,0,0,0,0,0,0,0,1,0,1,0,0
"Partner, Mr. Austen",0,28.5,45.5,1,0,0,0,1,0,0,0,1,0,0,0,0,0,0,0,0,1,0
"Graham, Mr. George Edward",0,153.4625,38.0,1,0,1,0,1,0,0,0,1,0,0,0,0,0,0,0,0,1,0
"Vander Planke, Mr. Leo Edmondus",0,18.0,16.0,3,2,0,0,1,0,0,0,0,0,0,0,0,0,1,0,0,1,0
"Pears, Mr. Thomas Clinton",0,66.6,29.0,1,1,0,0,1,0,0,0,1,0,0,0,0,0,0,0,0,1,0
"Dahl, Mr. Karl Edwart",1,8.05,45.0,3,0,0,0,1,0,0,0,0,0,0,0,0,0,1,0,0,1,0
"Blackwell, Mr. Stephen Weart",0,35.5,45.0,1,0,0,0,1,0,0,0,0,0,0,0,0,1,0,0,0,1,0
"Navratil, Master. Edmond Roger",1,26.0,2.0,2,1,1,0,1,0,0,0,0,0,0,1,0,0,0,0,0,1,0
"Fortune, Miss. Alice Elizabeth",1,263.0,24.0,1,3,2,1,0,0,0,0,1,0,0,0,0,0,0,0,0,1,0
"Collander, Mr. Erik Gustaf",0,13.0,28.0,2,0,0,0,1,0,0,0,0,0,0,0,0,0,1,0,0,1,0
"Sedgwick, Mr. Charles Frederick Waddington",0,13.0,25.0,2,0,0,0,1,0,0,0,0,0,0,0,0,0,1,0,0,1,0
"Fox, Mr. Stanley Hubert",0,13.0,36.0,2,0,0,0,1,0,0,0,0,0,0,0,0,0,1,0,0,1,0
"Brown, Miss. Amelia ""Mildred""",1,13.0,24.0,2,0,0,1,0,0,0,0,0,0,0,1,0,0,0,0,0,1,0
"Smith, Miss. Marion Elsie",1,13.0,40.0,2,0,0,1,0,0,0,0,0,0,0,0,0,0,1,0,0,1,0
"Davison, Mrs. Thomas Henry (Mary E Finck)",1,16.1,-999.0,3,1,0,1,0,0,0,0,0,0,0,0,0,0,1,0,0,1,0
"Coutts, Master. William Loch ""William""",1,15.9,3.0,3,1,1,0,1,0,0,0,0,0,0,0,0,0,1,0,0,1,0
"Odahl, Mr. Nils Martin",0,9.225,23.0,3,0,0,0,1,0,0,0,0,0,0,0,0,0,1,0,0,1,0
"Williams-Lambert, Mr. Fletcher Fellows",0,35.0,-999.0,1,0,0,0,1,0,0,0,1,0,0,0,0,0,0,0,0,1,0
"Elias, Mr. Tannous",0,7.2292,15.0,3,1,1,0,1,0,0,0,0,0,0,0,0,0,1,1,0,0,0
"Arnold-Franchi, Mr. Josef",0,17.8,25.0,3,1,0,0,1,0,0,0,0,0,0,0,0,0,1,0,0,1,0
"Yousif, Mr. Wazli",0,7.225,-999.0,3,0,0,0,1,0,0,0,0,0,0,0,0,0,1,1,0,0,0
"Vanden Steen, Mr. Leo Peter",0,9.5,28.0,3,0,0,0,1,0,0,0,0,0,0,0,0,0,1,0,0,1,0
"Bowerman, Miss. Elsie Edith",1,55.0,22.0,1,0,1,1,0,0,0,0,0,0,1,0,0,0,0,0,0,1,0
"Funk, Miss. Annie Clemmer",0,13.0,38.0,2,0,0,1,0,0,0,0,0,0,0,0,0,0,1,0,0,1,0
"McGovern, Miss. Mary",1,7.8792,-999.0,3,0,0,1,0,0,0,0,0,0,0,0,0,0,1,0,1,0,0
"Mockler, Miss. Helen Mary ""Ellie""",1,7.8792,-999.0,3,0,0,1,0,0,0,0,0,0,0,0,0,0,1,0,1,0,0
"Skoog, Mr. Wilhelm",0,27.9,40.0,3,1,4,0,1,0,0,0,0,0,0,0,0,0,1,0,0,1,0
"Barbara, Mrs. (Catherine David)",0,14.4542,45.0,3,0,1,1,0,0,0,0,0,0,0,0,0,0,1,1,0,0,0
"Asim, Mr. Adola",0,7.05,35.0,3,0,0,0,1,0,0,0,0,0,0,0,0,0,1,0,0,1,0
"O'Brien, Mr. Thomas",0,15.5,-999.0,3,1,0,0,1,0,0,0,0,0,0,0,0,0,1,0,1,0,0
"Adahl, Mr. Mauritz Nils Martin",0,7.25,30.0,3,0,0,0,1,0,0,0,0,0,0,0,0,0,1,0,0,1,0
"Warren, Mrs. Frank Manley (Anna Sophia Atkinson)",1,75.25,60.0,1,1,0,1,0,0,0,0,0,1,0,0,0,0,0,1,0,0,0
"Moussa, Mrs. (Mantoura Boulos)",1,7.2292,-999.0,3,0,0,1,0,0,0,0,0,0,0,0,0,0,1,1,0,0,0
"Jermyn, Miss. Annie",1,7.75,-999.0,3,0,0,1,0,0,0,0,0,0,0,0,0,0,1,0,1,0,0
"Aubart, Mme. Leontine Pauline",1,69.3,24.0,1,0,0,1,0,0,0,1,0,0,0,0,0,0,0,1,0,0,0
"Harder, Mr. George Achilles",1,55.4417,25.0,1,1,0,0,1,0,0,0,0,0,1,0,0,0,0,1,0,0,0
"Wiklund, Mr. Jakob Alfred",0,6.4958,18.0,3,1,0,0,1,0,0,0,0,0,0,0,0,0,1,0,0,1,0
"Ringhini, Mr. Sante",0,135.6333,22.0,1,0,0,0,1,0,0,0,0,0,0,0,0,0,1,1,0,0,0
"Palsson, Miss. Stina Viola",0,21.075,3.0,3,3,1,1,0,0,0,0,0,0,0,0,0,0,1,0,0,1,0
"Landergren, Miss. Aurora Adelia",1,7.25,22.0,3,0,0,1,0,0,0,0,0,0,0,0,0,0,1,0,0,1,0
"Betros, Mr. Tannous",0,4.0125,20.0,3,0,0,0,1,0,0,0,0,0,0,0,0,0,1,1,0,0,0
"Bidois, Miss. Rosalie",1,227.525,42.0,1,0,0,1,0,0,0,0,0,0,0,0,0,0,1,1,0,0,0
"Nakid, Miss. Maria (""Mary"")",1,15.7417,1.0,3,0,2,1,0,0,0,0,0,0,0,0,0,0,1,1,0,0,0
"Tikkanen, Mr. Juho",0,7.925,32.0,3,0,0,0,1,0,0,0,0,0,0,0,0,0,1,0,0,1,0
"Holverson, Mrs. Alexander Oskar (Mary Aline Towner)",1,52.0,35.0,1,1,0,1,0,0,0,0,0,0,0,0,0,0,1,0,0,1,0
"Davies, Mr. Charles Henry",0,73.5,18.0,2,0,0,0,1,0,0,0,0,0,0,0,0,0,1,0,0,1,0
"Buss, Miss. Kate",1,13.0,36.0,2,0,0,1,0,0,0,0,0,0,0,0,0,0,1,0,0,1,0
"Lehmann, Miss. Bertha",1,12.0,17.0,2,0,0,1,0,0,0,0,0,0,0,0,0,0,1,1,0,0,0
"Carter, Mr. William Ernest",1,120.0,36.0,1,1,2,0,1,0,0,1,0,0,0,0,0,0,0,0,0,1,0
"Jansson, Mr. Carl Olof",1,7.7958,21.0,3,0,0,0,1,0,0,0,0,0,0,0,0,0,1,0,0,1,0
"Newell, Miss. Marjorie",1,113.275,23.0,1,1,0,1,0,0,0,0,0,1,0,0,0,0,0,1,0,0,0
"Johansson, Mr. Erik",0,7.7958,22.0,3,0,0,0,1,0,0,0,0,0,0,0,0,0,1,0,0,1,0
"Olsson, Miss. Elina",0,7.8542,31.0,3,0,0,1,0,0,0,0,0,0,0,0,0,0,1,0,0,1,0
"McKane, Mr. Peter David",0,26.0,46.0,2,0,0,0,1,0,0,0,0,0,0,0,0,0,1,0,0,1,0
"Pain, Dr. Alfred",0,10.5,23.0,2,0,0,0,1,0,0,0,0,0,0,0,0,0,1,0,0,1,0
"Trout, Mrs. William H (Jessie L)",1,12.65,28.0,2,0,0,1,0,0,0,0,0,0,0,0,0,0,1,0,0,1,0
"Adams, Mr. John",0,8.05,26.0,3,0,0,0,1,0,0,0,0,0,0,0,0,0,1,0,0,1,0
"Jussila, Miss. Mari Aina",0,9.825,21.0,3,1,0,1,0,0,0,0,0,0,0,0,0,0,1,0,0,1,0
"Hakkarainen, Mr. Pekka Pietari",0,15.85,28.0,3,1,0,0,1,0,0,0,0,0,0,0,0,0,1,0,0,1,0
"Oreskovic, Miss. Marija",0,8.6625,20.0,3,0,0,1,0,0,0,0,0,0,0,0,0,0,1,0,0,1,0
"Gale, Mr. Shadrach",0,21.0,34.0,2,1,0,0,1,0,0,0,0,0,0,0,0,0,1,0,0,1,0
"Widegren, Mr. Carl/Charles Peter",0,7.75,51.0,3,0,0,0,1,0,0,0,0,0,0,0,0,0,1,0,0,1,0
"Richards, Master. William Rowe",1,18.75,3.0,2,1,1,0,1,0,0,0,0,0,0,0,0,0,1,0,0,1,0
"Birkeland, Mr. Hans Martin Monsen",0,7.775,21.0,3,0,0,0,1,0,0,0,0,0,0,0,0,0,1,0,0,1,0
"Lefebre, Miss. Ida",0,25.4667,-999.0,3,3,1,1,0,0,0,0,0,0,0,0,0,0,1,0,0,1,0
"Sdycoff, Mr. Todor",0,7.8958,-999.0,3,0,0,0,1,0,0,0,0,0,0,0,0,0,1,0,0,1,0
"Hart, Mr. Henry",0,6.8583,-999.0,3,0,0,0,1,0,0,0,0,0,0,0,0,0,1,0,1,0,0
"Cunningham, Mr. Alfred Fleming",0,0.0,-999.0,2,0,0,0,1,0,0,0,0,0,0,0,0,0,1,0,0,1,0
"Sundman, Mr. Johan Julian",1,7.925,44.0,3,0,0,0,1,0,0,0,0,0,0,0,0,0,1,0,0,1,0
"Meek, Mrs. Thomas (Annie Louise Rowley)",0,8.05,-999.0,3,0,0,1,0,0,0,0,0,0,0,0,0,0,1,0,0,1,0
"Drew, Mrs. James Vivian (Lulu Thorne Christian)",1,32.5,34.0,2,1,1,1,0,0,0,0,0,0,0,0,0,0,1,0,0,1,0
"Silven, Miss. Lyyli Karoliina",1,13.0,18.0,2,0,2,1,0,0,0,0,0,0,0,0,0,0,1,0,0,1,0
"Van Impe, Miss. Catharina",0,24.15,10.0,3,0,2,1,0,0,0,0,0,0,0,0,0,0,1,0,0,1,0
"Gheorgheff, Mr. Stanio",0,7.8958,-999.0,3,0,0,0,1,0,0,0,0,0,0,0,0,0,1,1,0,0,0
"Zimmerman, Mr. Leo",0,7.875,29.0,3,0,0,0,1,0,0,0,0,0,0,0,0,0,1,0,0,1,0
"Danbom, Mrs. Ernst Gilbert (Anna Sigrid Maria Brogren)",0,14.4,28.0,3,1,1,1,0,0,0,0,0,0,0,0,0,0,1,0,0,1,0
"Rosblom, Mr. Viktor Richard",0,20.2125,18.0,3,1,1,0,1,0,0,0,0,0,0,0,0,0,1,0,0,1,0
"Wiseman, Mr. Phillippe",0,7.25,-999.0,3,0,0,0,1,0,0,0,0,0,0,0,0,0,1,0,0,1,0
"Clarke, Mrs. Charles V (Ada Maria Winfield)",1,26.0,28.0,2,1,0,1,0,0,0,0,0,0,0,0,0,0,1,0,0,1,0
"Flynn, Mr. James",0,7.75,-999.0,3,0,0,0,1,0,0,0,0,0,0,0,0,0,1,0,1,0,0
"Pickard, Mr. Berk (Berk Trembisky)",1,8.05,32.0,3,0,0,0,1,0,0,0,0,0,1,0,0,0,0,0,0,1,0
"Bjornstrom-Steffansson, Mr. Mauritz Hakan",1,26.55,28.0,1,0,0,0,1,0,0,0,1,0,0,0,0,0,0,0,0,1,0
"Thorneycroft, Mrs. Percival (Florence Kate White)",1,16.1,-999.0,3,1,0,1,0,0,0,0,0,0,0,0,0,0,1,0,0,1,0
"Louch, Mrs. Charles Alexander (Alice Adelaide Slow)",1,26.0,42.0,2,1,0,1,0,0,0,0,0,0,0,0,0,0,1,0,0,1,0
"Kallio, Mr. Nikolai Erland",0,7.125,17.0,3,0,0,0,1,0,0,0,0,0,0,0,0,0,1,0,0,1,0
"Silvey, Mr. William Baird",0,55.9,50.0,1,1,0,0,1,0,0,0,0,0,1,0,0,0,0,0,0,1,0
"Carter, Miss. Lucile Polk",1,120.0,14.0,1,1,2,1,0,0,0,1,0,0,0,0,0,0,0,0,0,1,0
"Ford, Miss. Doolina Margaret ""Daisy""",0,34.375,21.0,3,2,2,1,0,0,0,0,0,0,0,0,0,0,1,0,0,1,0
"Richards, Mrs. Sidney (Emily Hocking)",1,18.75,24.0,2,2,3,1,0,0,0,0,0,0,0,0,0,0,1,0,0,1,0
"Fortune, Mr. Mark",0,263.0,64.0,1,1,4,0,1,0,0,0,1,0,0,0,0,0,0,0,0,1,0
"Kvillner, Mr. Johan Henrik Johannesson",0,10.5,31.0,2,0,0,0,1,0,0,0,0,0,0,0,0,0,1,0,0,1,0
"Hampe, Mr. Leon",0,9.5,20.0,3,0,0,0,1,0,0,0,0,0,0,0,0,0,1,0,0,1,0
"Petterson, Mr. Johan Emil",0,7.775,25.0,3,1,0,0,1,0,0,0,0,0,0,0,0,0,1,0,0,1,0
"Reynaldo, Ms. Encarnacion",1,13.0,28.0,2,0,0,1,0,0,0,0,0,0,0,0,0,0,1,0,0,1,0
"Dodge, Master. Washington",1,81.8583,4.0,1,0,2,0,1,0,1,0,0,0,0,0,0,0,0,0,0,1,0
"Mellinger, Miss. Madeleine Violet",1,19.5,13.0,2,0,1,1,0,0,0,0,0,0,0,0,0,0,1,0,0,1,0
"Seward, Mr. Frederic Kimber",1,26.55,34.0,1,0,0,0,1,0,0,0,0,0,0,0,0,0,1,0,0,1,0
"Baclini, Miss. Marie Catherine",1,19.2583,5.0,3,2,1,1,0,0,0,0,0,0,0,0,0,0,1,1,0,0,0
"West, Mr. Edwy Arthur",0,27.75,36.0,2,1,2,0,1,0,0,0,0,0,0,0,0,0,1,0,0,1,0
"Hagland, Mr. Ingvald Olai Olsen",0,19.9667,-999.0,3,1,0,0,1,0,0,0,0,0,0,0,0,0,1,0,0,1,0
"Foreman, Mr. Benjamin Laventall",0,27.75,30.0,1,0,0,0,1,0,0,0,1,0,0,0,0,0,0,1,0,0,0
"Goldenberg, Mr. Samuel L",1,89.1042,49.0,1,1,0,0,1,0,0,0,1,0,0,0,0,0,0,1,0,0,0
"Peduzzi, Mr. Joseph",0,8.05,-999.0,3,0,0,0,1,0,0,0,0,0,0,0,0,0,1,0,0,1,0
"Jalsevac, Mr. Ivan",1,7.8958,29.0,3,0,0,0,1,0,0,0,0,0,0,0,0,0,1,1,0,0,0
"Millet, Mr. Francis Davis",0,26.55,65.0,1,0,0,0,1,0,0,0,0,0,1,0,0,0,0,0,0,1,0
"Kenyon, Mrs. Frederick R (Marion)",1,51.8625,-999.0,1,1,0,1,0,0,0,0,0,1,0,0,0,0,0,0,0,1,0
"Toomey, Miss. Ellen",1,10.5,50.0,2,0,0,1,0,0,0,0,0,0,0,0,0,0,1,0,0,1,0
"O'Connor, Mr. Maurice",0,7.75,-999.0,3,0,0,0,1,0,0,0,0,0,0,0,0,0,1,0,1,0,0
"Morley, Mr. William",0,8.05,34.0,3,0,0,0,1,0,0,0,0,0,0,0,0,0,1,0,0,1,0
"Gee, Mr. Arthur H",0,38.5,47.0,1,0,0,0,1,0,0,0,0,0,1,0,0,0,0,0,0,1,0
"Maisner, Mr. Simon",0,8.05,-999.0,3,0,0,0,1,0,0,0,0,0,0,0,0,0,1,0,0,1,0
"Goncalves, Mr. Manuel Estanslas",0,7.05,38.0,3,0,0,0,1,0,0,0,0,0,0,0,0,0,1,0,0,1,0
"Campbell, Mr. William",0,0.0,-999.0,2,0,0,0,1,0,0,0,0,0,0,0,0,0,1,0,0,1,0
"Smart, Mr. John Montgomery",0,26.55,56.0,1,0,0,0,1,0,0,0,0,0,0,0,0,0,1,0,0,1,0
"Scanlan, Mr. James",0,7.725,-999.0,3,0,0,0,1,0,0,0,0,0,0,0,0,0,1,0,1,0,0
"Baclini, Miss. Helene Barbara",1,19.2583,0.75,3,2,1,1,0,0,0,0,0,0,0,0,0,0,1,1,0,0,0
"Keefe, Mr. Arthur",0,7.25,-999.0,3,0,0,0,1,0,0,0,0,0,0,0,0,0,1,0,0,1,0
"Cacic, Mr. Luka",0,8.6625,38.0,3,0,0,0,1,0,0,0,0,0,0,0,0,0,1,0,0,1,0
"Jerwan, Mrs. Amin S (Marie Marthe Thuillard)",1,13.7917,23.0,2,0,0,1,0,0,0,0,0,1,0,0,0,0,0,1,0,0,0
"Strandberg, Miss. Ida Sofia",0,9.8375,22.0,3,0,0,1,0,0,0,0,0,0,0,0,0,0,1,0,0,1,0
"Clifford, Mr. George Quincy",0,52.0,-999.0,1,0,0,0,1,0,1,0,0,0,0,0,0,0,0,0,0,1,0
"Renouf, Mr. Peter Henry",0,21.0,34.0,2,1,0,0,1,0,0,0,0,0,0,0,0,0,1,0,0,1,0
"Braund, Mr. Lewis Richard",0,7.0458,29.0,3,1,0,0,1,0,0,0,0,0,0,0,0,0,1,0,0,1,0
"Hirvonen, Miss. Hildur E",1,12.2875,2.0,3,0,1,1,0,0,0,0,0,0,0,0,0,0,1,0,0,1,0
"Goodwin, Master. Harold Victor",0,46.9,9.0,3,5,2,0,1,0,0,0,0,0,0,0,0,0,1,0,0,1,0
"Rouse, Mr. Richard Henry",0,8.05,50.0,3,0,0,0,1,0,0,0,0,0,0,0,0,0,1,0,0,1,0
"Turkula, Mrs. (Hedwig)",1,9.5875,63.0,3,0,0,1,0,0,0,0,0,0,0,0,0,0,1,0,0,1,0
"Lefebre, Miss. Jeannie",0,25.4667,-999.0,3,3,1,1,0,0,0,0,0,0,0,0,0,0,1,0,0,1,0
"Hoyt, Mrs. Frederick Maxfield (Jane Anne Forby)",1,90.0,35.0,1,1,0,1,0,0,0,0,1,0,0,0,0,0,0,0,0,1,0
"Kent, Mr. Edward Austin",0,29.7,58.0,1,0,0,0,1,0,0,1,0,0,0,0,0,0,0,1,0,0,0
"Somerton, Mr. Francis William",0,8.05,30.0,3,0,0,0,1,0,0,0,0,0,0,0,0,0,1,0,0,1,0
"Coutts, Master. Eden Leslie ""Neville""",1,15.9,9.0,3,1,1,0,1,0,0,0,0,0,0,0,0,0,1,0,0,1,0
"Hagland, Mr. Konrad Mathias Reiersen",0,19.9667,-999.0,3,1,0,0,1,0,0,0,0,0,0,0,0,0,1,0,0,1,0
"Molson, Mr. Harry Markland",0,30.5,55.0,1,0,0,0,1,0,0,0,1,0,0,0,0,0,0,0,0,1,0
"Artagaveytia, Mr. Ramon",0,49.5042,71.0,1,0,0,0,1,0,0,0,0,0,0,0,0,0,1,1,0,0,0
"Stanley, Mr. Edward Roland",0,8.05,21.0,3,0,0,0,1,0,0,0,0,0,0,0,0,0,1,0,0,1,0
"Yousseff, Mr. Gerious",0,14.4583,-999.0,3,0,0,0,1,0,0,0,0,0,0,0,0,0,1,1,0,0,0
"Eustis, Miss. Elizabeth Mussey",1,78.2667,54.0,1,1,0,1,0,0,0,0,0,1,0,0,0,0,0,1,0,0,0
"Allison, Mrs. Hudson J C (Bessie Waldo Daniels)",0,151.55,25.0,1,1,2,1,0,0,0,0,1,0,0,0,0,0,0,0,0,1,0
"Calic, Mr. Petar",0,8.6625,17.0,3,0,0,0,1,0,0,0,0,0,0,0,0,0,1,0,0,1,0
"Canavan, Miss. Mary",0,7.75,21.0,3,0,0,1,0,0,0,0,0,0,0,0,0,0,1,0,1,0,0
"Maioni, Miss. Roberta",1,86.5,16.0,1,0,0,1,0,0,0,1,0,0,0,0,0,0,0,0,0,1,0
"Quick, Mrs. Frederick Charles (Jane Richards)",1,26.0,33.0,2,0,2,1,0,0,0,0,0,0,0,0,0,0,1,0,0,1,0
"Olsen, Mr. Henry Margido",0,22.525,28.0,3,0,0,0,1,0,0,0,0,0,0,0,0,0,1,0,0,1,0
"Lang, Mr. Fang",1,56.4958,26.0,3,0,0,0,1,0,0,0,0,0,0,0,0,0,1,0,0,1,0
"Daly, Mr. Eugene Patrick",1,7.75,29.0,3,0,0,0,1,0,0,0,0,0,0,0,0,0,1,0,1,0,0
"Webber, Mr. James",0,8.05,-999.0,3,0,0,0,1,0,0,0,0,0,0,0,0,0,1,0,0,1,0
"McGough, Mr. James Robert",1,26.2875,36.0,1,0,0,0,1,0,0,0,0,0,1,0,0,0,0,0,0,1,0
"Rothschild, Mrs. Martin (Elizabeth L. Barrett)",1,59.4,54.0,1,1,0,1,0,0,0,0,0,0,0,0,0,0,1,1,0,0,0
"Coleff, Mr. Satio",0,7.4958,24.0,3,0,0,0,1,0,0,0,0,0,0,0,0,0,1,0,0,1,0
"Walker, Mr. William Anderson",0,34.0208,47.0,1,0,0,0,1,0,0,0,0,1,0,0,0,0,0,0,0,1,0
"Lemore, Mrs. (Amelia Milley)",1,10.5,34.0,2,0,0,1,0,0,0,0,0,0,0,1,0,0,0,0,0,1,0
"Ryan, Mr. Patrick",0,24.15,-999.0,3,0,0,0,1,0,0,0,0,0,0,0,0,0,1,0,1,0,0
"Pavlovic, Mr. Stefo",0,7.8958,32.0,3,0,0,0,1,0,0,0,0,0,0,0,0,0,1,0,0,1,0
"Perreault, Miss. Anne",1,93.5,30.0,1,0,0,1,0,0,0,1,0,0,0,0,0,0,0,0,0,1,0
"Vovk, Mr. Janko",0,7.8958,22.0,3,0,0,0,1,0,0,0,0,0,0,0,0,0,1,0,0,1,0
"Lahoud, Mr. Sarkis",0,7.225,-999.0,3,0,0,0,1,0,0,0,0,0,0,0,0,0,1,1,0,0,0
"Hippach, Mrs. Louis Albert (Ida Sophia Fischer)",1,57.9792,44.0,1,0,1,1,0,0,0,1,0,0,0,0,0,0,0,1,0,0,0
"Farrell, Mr. James",0,7.75,40.5,3,0,0,0,1,0,0,0,0,0,0,0,0,0,1,0,1,0,0
"Ridsdale, Miss. Lucy",1,10.5,50.0,2,0,0,1,0,0,0,0,0,0,0,0,0,0,1,0,0,1,0
"Farthing, Mr. John",0,221.7792,-999.0,1,0,0,0,1,0,0,0,1,0,0,0,0,0,0,0,0,1,0
"Salonen, Mr. Johan Werner",0,7.925,39.0,3,0,0,0,1,0,0,0,0,0,0,0,0,0,1,0,0,1,0
"Hocking, Mr. Richard George",0,11.5,23.0,2,2,1,0,1,0,0,0,0,0,0,0,0,0,1,0,0,1,0
"Quick, Miss. Phyllis May",1,26.0,2.0,2,1,1,1,0,0,0,0,0,0,0,0,0,0,1,0,0,1,0
"Toufik, Mr. Nakli",0,7.2292,-999.0,3,0,0,0,1,0,0,0,0,0,0,0,0,0,1,1,0,0,0
"Elias, Mr. Joseph Jr",0,7.2292,17.0,3,1,1,0,1,0,0,0,0,0,0,0,0,0,1,1,0,0,0
"Peter, Mrs. Catherine (Catherine Rizk)",1,22.3583,-999.0,3,0,2,1,0,0,0,0,0,0,0,0,0,0,1,1,0,0,0
"LeRoy, Miss. Bertha",1,106.425,30.0,1,0,0,1,0,0,0,0,0,0,0,0,0,0,1,1,0,0,0
"Risien, Mr. Samuel Beard",0,14.5,-999.0,3,0,0,0,1,0,0,0,0,0,0,0,0,0,1,0,0,1,0
"Frolicher, Miss. Hedwig Margaritha",1,49.5,22.0,1,0,2,1,0,0,0,1,0,0,0,0,0,0,0,1,0,0,0
"Crosby, Miss. Harriet R",1,71.0,36.0,1,0,2,1,0,0,0,1,0,0,0,0,0,0,0,0,0,1,0
"Andersson, Miss. Ingeborg Constanzia",0,31.275,9.0,3,4,2,1,0,0,0,0,0,0,0,0,0,0,1,0,0,1,0
"Andersson, Miss. Sigrid Elisabeth",0,31.275,11.0,3,4,2,1,0,0,0,0,0,0,0,0,0,0,1,0,0,1,0
"Douglas, Mr. Walter Donald",0,106.425,50.0,1,1,0,0,1,0,0,0,1,0,0,0,0,0,0,1,0,0,0
"Nicholson, Mr. Arthur Ernest",0,26.0,64.0,1,0,0,0,1,0,0,0,0,0,0,0,0,0,1,0,0,1,0
"Beane, Mrs. Edward (Ethel Clarke)",1,26.0,19.0,2,1,0,1,0,0,0,0,0,0,0,0,0,0,1,0,0,1,0
"Padro y Manent, Mr. Julian",1,13.8625,-999.0,2,0,0,0,1,0,0,0,0,0,0,0,0,0,1,1,0,0,0
"Davies, Master. John Morgan Jr",1,36.75,8.0,2,1,1,0,1,0,0,0,0,0,0,0,0,0,1,0,0,1,0
"Thayer, Mr. John Borland Jr",1,110.8833,17.0,1,0,2,0,1,0,0,0,1,0,0,0,0,0,0,1,0,0,0
"Sharp, Mr. Percival James R",0,26.0,27.0,2,0,0,0,1,0,0,0,0,0,0,0,0,0,1,0,0,1,0
"O'Brien, Mr. Timothy",0,7.8292,-999.0,3,0,0,0,1,0,0,0,0,0,0,0,0,0,1,0,1,0,0
"Leeni, Mr. Fahim (""Philip Zenni"")",1,7.225,22.0,3,0,0,0,1,0,0,0,0,0,0,0,0,0,1,1,0,0,0
"Wright, Mr. George",0,26.55,62.0,1,0,0,0,1,0,0,0,0,0,0,0,0,0,1,0,0,1,0
"Duff Gordon, Lady. (Lucille Christiana Sutherland) (""Mrs Morgan"")",1,39.6,48.0,1,1,0,1,0,0,1,0,0,0,0,0,0,0,0,1,0,0,0
"Robbins, Mr. Victor",0,227.525,-999.0,1,0,0,0,1,0,0,0,0,0,0,0,0,0,1,1,0,0,0
"de Messemaeker, Mrs. Guillaume Joseph (Emma)",1,17.4,36.0,3,1,0,1,0,0,0,0,0,0,0,0,0,0,1,0,0,1,0
"Sivic, Mr. Husein",0,7.8958,40.0,3,0,0,0,1,0,0,0,0,0,0,0,0,0,1,0,0,1,0
"Norman, Mr. Robert Douglas",0,13.5,28.0,2,0,0,0,1,0,0,0,0,0,0,0,0,0,1,0,0,1,0
"Simmons, Mr. John",0,8.05,-999.0,3,0,0,0,1,0,0,0,0,0,0,0,0,0,1,0,0,1,0
"Meanwell, Miss. (Marion Ogden)",0,8.05,-999.0,3,0,0,1,0,0,0,0,0,0,0,0,0,0,1,0,0,1,0
"Davies, Mr. Alfred J",0,24.15,24.0,3,2,0,0,1,0,0,0,0,0,0,0,0,0,1,0,0,1,0
"Stoytcheff, Mr. Ilia",0,7.8958,19.0,3,0,0,0,1,0,0,0,0,0,0,0,0,0,1,0,0,1,0
"Palsson, Mrs. Nils (Alma Cornelia Berglund)",0,21.075,29.0,3,0,4,1,0,0,0,0,0,0,0,0,0,0,1,0,0,1,0
"Doharr, Mr. Tannous",0,7.2292,-999.0,3,0,0,0,1,0,0,0,0,0,0,0,0,0,1,1,0,0,0
"Jonsson, Mr. Carl",1,7.8542,32.0,3,0,0,0,1,0,0,0,0,0,0,0,0,0,1,0,0,1,0
"Flynn, Mr. John Irwin (""Irving"")",1,26.3875,36.0,1,0,0,0,1,0,0,0,0,0,1,0,0,0,0,0,0,1,0
"Kelly, Miss. Mary",1,7.75,-999.0,3,0,0,1,0,0,0,0,0,0,0,0,0,0,1,0,1,0,0
"Rush, Mr. Alfred George John",0,8.05,16.0,3,0,0,0,1,0,0,0,0,0,0,0,0,0,1,0,0,1,0
"Garside, Miss. Ethel",1,13.0,34.0,2,0,0,1,0,0,0,0,0,0,0,0,0,0,1,0,0,1,0
"Silvey, Mrs. William Baird (Alice Munger)",1,55.9,39.0,1,1,0,1,0,0,0,0,0,0,1,0,0,0,0,0,0,1,0
"Caram, Mrs. Joseph (Maria Elias)",0,14.4583,-999.0,3,1,0,1,0,0,0,0,0,0,0,0,0,0,1,1,0,0,0
"Jussila, Mr. Eiriik",1,7.925,32.0,3,0,0,0,1,0,0,0,0,0,0,0,0,0,1,0,0,1,0
"Christy, Miss. Julie Rachel",1,30.0,25.0,2,1,1,1,0,0,0,0,0,0,0,0,0,0,1,0,0,1,0
"Thayer, Mrs. John Borland (Marian Longstreth Morris)",1,110.8833,39.0,1,1,1,1,0,0,0,0,1,0,0,0,0,0,0,1,0,0,0
"Downton, Mr. William James",0,26.0,54.0,2,0,0,0,1,0,0,0,0,0,0,0,0,0,1,0,0,1,0
"Paulner, Mr. Uscher",0,8.7125,-999.0,3,0,0,0,1,0,0,0,0,0,0,0,0,0,1,1,0,0,0
"Taussig, Miss. Ruth",1,79.65,18.0,1,0,2,1,0,0,0,0,0,0,1,0,0,0,0,0,0,1,0
"Jarvis, Mr. John Denzil",0,15.0,47.0,2,0,0,0,1,0,0,0,0,0,0,0,0,0,1,0,0,1,0
"Frolicher-Stehli, Mr. Maxmillian",1,79.2,60.0,1,1,1,0,1,0,0,1,0,0,0,0,0,0,0,1,0,0,0
"Gilinski, Mr. Eliezer",0,8.05,22.0,3,0,0,0,1,0,0,0,0,0,0,0,0,0,1,0,0,1,0
"Rintamaki, Mr. Matti",0,7.125,35.0,3,0,0,0,1,0,0,0,0,0,0,0,0,0,1,0,0,1,0
"Stephenson, Mrs. Walter Bertram (Martha Eustis)",1,78.2667,52.0,1,1,0,1,0,0,0,0,0,1,0,0,0,0,0,1,0,0,0
"Elsbury, Mr. William James",0,7.25,47.0,3,0,0,0,1,0,0,0,0,0,0,0,0,0,1,0,0,1,0
"Chapman, Mr. John Henry",0,26.0,37.0,2,1,0,0,1,0,0,0,0,0,0,0,0,0,1,0,0,1,0
"Van Impe, Mr. Jean Baptiste",0,24.15,36.0,3,1,1,0,1,0,0,0,0,0,0,0,0,0,1,0,0,1,0
"Leitch, Miss. Jessie Wills",1,33.0,-999.0,2,0,0,1,0,0,0,0,0,0,0,0,0,0,1,0,0,1,0
"Johnson, Mr. Alfred",0,0.0,49.0,3,0,0,0,1,0,0,0,0,0,0,0,0,0,1,0,0,1,0
"Jacobsohn, Mrs. Sidney Samuel (Amy Frances Christy)",1,27.0,24.0,2,2,1,1,0,0,0,0,0,0,0,0,0,0,1,0,0,1,0
"Slabenoff, Mr. Petco",0,7.8958,-999.0,3,0,0,0,1,0,0,0,0,0,0,0,0,0,1,0,0,1,0
"Harrington, Mr. Charles H",0,42.4,-999.0,1,0,0,0,1,0,0,0,0,0,0,0,0,0,1,0,0,1,0
"Torber, Mr. Ernst William",0,8.05,44.0,3,0,0,0,1,0,0,0,0,0,0,0,0,0,1,0,0,1,0
"Karaic, Mr. Milan",0,7.8958,30.0,3,0,0,0,1,0,0,0,0,0,0,0,0,0,1,0,0,1,0
"Andersson, Mrs. Anders Johan (Alfrida Konstantia Brogren)",0,31.275,39.0,3,1,5,1,0,0,0,0,0,0,0,0,0,0,1,0,0,1,0
"Murphy, Miss. Margaret Jane",1,15.5,-999.0,3,1,0,1,0,0,0,0,0,0,0,0,0,0,1,0,1,0,0
"Brocklebank, Mr. William Alfred",0,8.05,35.0,3,0,0,0,1,0,0,0,0,0,0,0,0,0,1,0,0,1,0
"Herman, Miss. Alice",1,65.0,24.0,2,1,2,1,0,0,0,0,0,0,0,0,0,0,1,0,0,1,0
"Danbom, Mr. Ernst Gilbert",0,14.4,34.0,3,1,1,0,1,0,0,0,0,0,0,0,0,0,1,0,0,1,0
"Becker, Miss. Marion Louise",1,39.0,4.0,2,2,1,1,0,0,0,0,0,0,0,1,0,0,0,0,0,1,0
"Gavey, Mr. Lawrence",0,10.5,26.0,2,0,0,0,1,0,0,0,0,0,0,0,0,0,1,0,0,1,0
"Kimball, Mr. Edwin Nelson Jr",1,52.5542,42.0,1,1,0,0,1,0,0,0,0,1,0,0,0,0,0,0,0,1,0
"Nakid, Mr. Sahid",1,15.7417,20.0,3,1,1,0,1,0,0,0,0,0,0,0,0,0,1,1,0,0,0
"Hansen, Mr. Henry Damsgaard",0,7.8542,21.0,3,0,0,0,1,0,0,0,0,0,0,0,0,0,1,0,0,1,0
"Bowen, Mr. David John ""Dai""",0,16.1,21.0,3,0,0,0,1,0,0,0,0,0,0,0,0,0,1,0,0,1,0
"Sutton, Mr. Frederick",0,32.3208,61.0,1,0,0,0,1,0,0,0,0,1,0,0,0,0,0,0,0,1,0
"Kirkland, Rev. Charles Leonard",0,12.35,57.0,2,0,0,0,1,0,0,0,0,0,0,0,0,0,1,0,1,0,0
"Longley, Miss. Gretchen Fiske",1,77.9583,21.0,1,0,0,1,0,0,0,0,0,1,0,0,0,0,0,0,0,1,0
"O'Connell, Mr. Patrick D",0,7.7333,-999.0,3,0,0,0,1,0,0,0,0,0,0,0,0,0,1,0,1,0,0
"Barkworth, Mr. Algernon Henry Wilson",1,30.0,80.0,1,0,0,0,1,0,1,0,0,0,0,0,0,0,0,0,0,1,0
"Parr, Mr. William Henry Marsh",0,0.0,-999.0,1,0,0,0,1,0,0,0,0,0,0,0,0,0,1,0,0,1,0
"Skoog, Miss. Mabel",0,27.9,9.0,3,3,2,1,0,0,0,0,0,0,0,0,0,0,1,0,0,1,0
"Davis, Miss. Mary",1,13.0,28.0,2,0,0,1,0,0,0,0,0,0,0,0,0,0,1,0,0,1,0
"Leinonen, Mr. Antti Gustaf",0,7.925,32.0,3,0,0,0,1,0,0,0,0,0,0,0,0,0,1,0,0,1,0
"Collyer, Mr. Harvey",0,26.25,31.0,2,1,1,0,1,0,0,0,0,0,0,0,0,0,1,0,0,1,0
"Panula, Mrs. Juha (Maria Emilia Ojala)",0,39.6875,41.0,3,0,5,1,0,0,0,0,0,0,0,0,0,0,1,0,0,1,0
"Thorneycroft, Mr. Percival",0,16.1,-999.0,3,1,0,0,1,0,0,0,0,0,0,0,0,0,1,0,0,1,0
"Jensen, Mr. Hans Peder",0,7.8542,20.0,3,0,0,0,1,0,0,0,0,0,0,0,0,0,1,0,0,1,0
"Sagesser, Mlle. Emma",1,69.3,24.0,1,0,0,1,0,0,0,1,0,0,0,0,0,0,0,1,0,0,0
"Skoog, Miss. Margit Elizabeth",0,27.9,2.0,3,3,2,1,0,0,0,0,0,0,0,0,0,0,1,0,0,1,0
"Foo, Mr. Choong",1,56.4958,-999.0,3,0,0,0,1,0,0,0,0,0,0,0,0,0,1,0,0,1,0
"Baclini, Miss. Eugenie",1,19.2583,0.75,3,2,1,1,0,0,0,0,0,0,0,0,0,0,1,1,0,0,0
"Harper, Mr. Henry Sleeper",1,76.7292,48.0,1,1,0,0,1,0,0,0,0,1,0,0,0,0,0,1,0,0,0
"Cor, Mr. Liudevit",0,7.8958,19.0,3,0,0,0,1,0,0,0,0,0,0,0,0,0,1,0,0,1,0
"Simonius-Blumer, Col. Oberst Alfons",1,35.5,56.0,1,0,0,0,1,0,1,0,0,0,0,0,0,0,0,1,0,0,0
"Mitkoff, Mr. Mito",0,7.8958,-999.0,3,0,0,0,1,0,0,0,0,0,0,0,0,0,1,0,0,1,0
"Doling, Miss. Elsie",1,23.0,18.0,2,0,1,1,0,0,0,0,0,0,0,0,0,0,1,0,0,1,0
"Kalvik, Mr. Johannes Halvorsen",0,8.4333,21.0,3,0,0,0,1,0,0,0,0,0,0,0,0,0,1,0,0,1,0
"O'Leary, Miss. Hanora ""Norah""",1,7.8292,-999.0,3,0,0,1,0,0,0,0,0,0,0,0,0,0,1,0,1,0,0
"Hickman, Mr. Leonard Mark",0,73.5,24.0,2,2,0,0,1,0,0,0,0,0,0,0,0,0,1,0,0,1,0
"Radeff, Mr. Alexander",0,7.8958,-999.0,3,0,0,0,1,0,0,0,0,0,0,0,0,0,1,0,0,1,0
"Bourke, Mrs. John (Catherine)",0,15.5,32.0,3,1,1,1,0,0,0,0,0,0,0,0,0,0,1,0,1,0,0
"Newell, Mr. Arthur Webster",0,113.275,58.0,1,0,2,0,1,0,0,0,0,1,0,0,0,0,0,1,0,0,0
"Frauenthal, Dr. Henry William",1,133.65,50.0,1,2,0,0,1,0,0,0,0,0,0,0,0,0,1,0,0,1,0
"Badt, Mr. Mohamed",0,7.225,40.0,3,0,0,0,1,0,0,0,0,0,0,0,0,0,1,1,0,0,0
"Lindqvist, Mr. Eino William",1,7.925,20.0,3,1,0,0,1,0,0,0,0,0,0,0,0,0,1,0,0,1,0
"Hickman, Mr. Lewis",0,73.5,32.0,2,2,0,0,1,0,0,0,0,0,0,0,0,0,1,0,0,1,0
"Butler, Mr. Reginald Fenton",0,13.0,25.0,2,0,0,0,1,0,0,0,0,0,0,0,0,0,1,0,0,1,0
"Rommetvedt, Mr. Knud Paust",0,7.775,-999.0,3,0,0,0,1,0,0,0,0,0,0,0,0,0,1,0,0,1,0
"Cook, Mr. Jacob",0,8.05,43.0,3,0,0,0,1,0,0,0,0,0,0,0,0,0,1,0,0,1,0
"Taylor, Mrs. Elmer Zebley (Juliet Cummins Wright)",1,52.0,-999.0,1,1,0,1,0,0,0,0,1,0,0,0,0,0,0,0,0,1,0
"Mitchell, Mr. Henry Michael",0,10.5,70.0,2,0,0,0,1,0,0,0,0,0,0,0,0,0,1,0,0,1,0
"Wilhelms, Mr. Charles",1,13.0,31.0,2,0,0,0,1,0,0,0,0,0,0,0,0,0,1,0,0,1,0
"Watson, Mr. Ennis Hastings",0,0.0,-999.0,2,0,0,0,1,0,0,0,0,0,0,0,0,0,1,0,0,1,0
"Edvardsson, Mr. Gustaf Hjalmar",0,7.775,18.0,3,0,0,0,1,0,0,0,0,0,0,0,0,0,1,0,0,1,0
"Sawyer, Mr. Frederick Charles",0,8.05,24.5,3,0,0,0,1,0,0,0,0,0,0,0,0,0,1,0,0,1,0
"Goodwin, Mrs. Frederick (Augusta Tyler)",0,46.9,43.0,3,1,6,1,0,0,0,0,0,0,0,0,0,0,1,0,0,1,0
"Cardeza, Mr. Thomas Drake Martinez",1,512.3292,36.0,1,0,1,0,1,0,0,1,0,0,0,0,0,0,0,1,0,0,0
"Peters, Miss. Katie",0,8.1375,-999.0,3,0,0,1,0,0,0,0,0,0,0,0,0,0,1,0,1,0,0
"Olsvigen, Mr. Thor Anderson",0,9.225,20.0,3,0,0,0,1,0,0,0,0,0,0,0,0,0,1,0,0,1,0
"Brown, Mr. Thomas William Solomon",0,39.0,60.0,2,1,1,0,1,0,0,0,0,0,0,0,0,0,1,0,0,1,0
"Laroche, Mr. Joseph Philippe Lemercier",0,41.5792,25.0,2,1,2,0,1,0,0,0,0,0,0,0,0,0,1,1,0,0,0
"Dakic, Mr. Branko",0,10.1708,19.0,3,0,0,0,1,0,0,0,0,0,0,0,0,0,1,0,0,1,0
"Madill, Miss. Georgette Alexandra",1,211.3375,15.0,1,0,1,1,0,0,0,1,0,0,0,0,0,0,0,0,0,1,0
"Dick, Mr. Albert Adrian",1,57.0,31.0,1,1,0,0,1,0,0,1,0,0,0,0,0,0,0,0,0,1,0
"Karun, Miss. Manca",1,13.4167,4.0,3,0,1,1,0,0,0,0,0,0,0,0,0,0,1,1,0,0,0
"Lam, Mr. Ali",1,56.4958,-999.0,3,0,0,0,1,0,0,0,0,0,0,0,0,0,1,0,0,1,0
"Saad, Mr. Khalil",0,7.225,25.0,3,0,0,0,1,0,0,0,0,0,0,0,0,0,1,1,0,0,0
"Weir, Col. John",0,26.55,60.0,1,0,0,0,1,0,0,0,0,0,0,0,0,0,1,0,0,1,0
"Chapman, Mr. Charles Henry",0,13.5,52.0,2,0,0,0,1,0,0,0,0,0,0,0,0,0,1,0,0,1,0
"Kelly, Mr. James",0,8.05,44.0,3,0,0,0,1,0,0,0,0,0,0,0,0,0,1,0,0,1,0
"Mullens, Miss. Katherine ""Katie""",1,7.7333,-999.0,3,0,0,1,0,0,0,0,0,0,0,0,0,0,1,0,1,0,0
"Thayer, Mr. John Borland",0,110.8833,49.0,1,1,1,0,1,0,0,0,1,0,0,0,0,0,0,1,0,0,0
"Silverthorne, Mr. Spencer Victor",1,26.2875,35.0,1,0,0,0,1,0,0,0,0,0,1,0,0,0,0,0,0,1,0
"Barbara, Miss. Saiide",0,14.4542,18.0,3,0,1,1,0,0,0,0,0,0,0,0,0,0,1,1,0,0,0
"Gallagher, Mr. Martin",0,7.7417,25.0,3,0,0,0,1,0,0,0,0,0,0,0,0,0,1,0,1,0,0
"Morley, Mr. Henry Samuel (""Mr Henry Marshall"")",0,26.0,39.0,2,0,0,0,1,0,0,0,0,0,0,0,0,0,1,0,0,1,0
"Kelly, Mrs. Florence ""Fannie""",1,13.5,45.0,2,0,0,1,0,0,0,0,0,0,0,0,0,0,1,0,0,1,0
"Cleaver, Miss. Alice",1,151.55,22.0,1,0,0,1,0,0,0,0,0,0,0,0,0,0,1,0,0,1,0
"Moubarek, Master. Halim Gonios (""William George"")",1,15.2458,-999.0,3,1,1,0,1,0,0,0,0,0,0,0,0,0,1,1,0,0,0
"Mayne, Mlle. Berthe Antonine (""Mrs de Villiers"")",1,49.5042,24.0,1,0,0,1,0,0,0,0,1,0,0,0,0,0,0,1,0,0,0
"Soholt, Mr. Peter Andreas Lauritz Andersen",0,7.65,19.0,3,0,0,0,1,0,0,0,0,0,0,1,0,0,0,0,0,1,0
"Endres, Miss. Caroline Louise",1,227.525,38.0,1,0,0,1,0,0,0,0,1,0,0,0,0,0,0,1,0,0,0
"Harper, Miss. Annie Jessie ""Nina""",1,33.0,6.0,2,0,1,1,0,0,0,0,0,0,0,0,0,0,1,0,0,1,0
"Jensen, Mr. Svend Lauritz",0,7.0542,17.0,3,1,0,0,1,0,0,0,0,0,0,0,0,0,1,0,0,1,0
"Hodges, Mr. Henry Price",0,13.0,50.0,2,0,0,0,1,0,0,0,0,0,0,0,0,0,1,0,0,1,0
"Chambers, Mr. Norman Campbell",1,53.1,27.0,1,1,0,0,1,0,0,0,0,0,1,0,0,0,0,0,0,1,0
"Oreskovic, Mr. Luka",0,8.6625,20.0,3,0,0,0,1,0,0,0,0,0,0,0,0,0,1,0,0,1,0
"Renouf, Mrs. Peter Henry (Lillian Jefferys)",1,21.0,30.0,2,3,0,1,0,0,0,0,0,0,0,0,0,0,1,0,0,1,0
"Mannion, Miss. Margareth",1,7.7375,-999.0,3,0,0,1,0,0,0,0,0,0,0,0,0,0,1,0,1,0,0
"Bryhl, Mr. Kurt Arnold Gottfrid",0,26.0,25.0,2,1,0,0,1,0,0,0,0,0,0,0,0,0,1,0,0,1,0
"Ilmakangas, Miss. Pieta Sofia",0,7.925,25.0,3,1,0,1,0,0,0,0,0,0,0,0,0,0,1,0,0,1,0
"Hassan, Mr. Houssein G N",0,18.7875,11.0,3,0,0,0,1,0,0,0,0,0,0,0,0,0,1,1,0,0,0
"Knight, Mr. Robert J",0,0.0,-999.0,2,0,0,0,1,0,0,0,0,0,0,0,0,0,1,0,0,1,0
"Ford, Mrs. Edward (Margaret Ann Watson)",0,34.375,48.0,3,1,3,1,0,0,0,0,0,0,0,0,0,0,1,0,0,1,0
"Lesurer, Mr. Gustave J",1,512.3292,35.0,1,0,0,0,1,0,0,1,0,0,0,0,0,0,0,1,0,0,0
"Nankoff, Mr. Minko",0,7.8958,-999.0,3,0,0,0,1,0,0,0,0,0,0,0,0,0,1,0,0,1,0
"Hawksford, Mr. Walter James",1,30.0,-999.0,1,0,0,0,1,0,0,0,0,1,0,0,0,0,0,0,0,1,0
"Cavendish, Mr. Tyrell William",0,78.85,36.0,1,1,0,0,1,0,0,0,1,0,0,0,0,0,0,0,0,1,0
"Ryerson, Miss. Susan Parker ""Suzette""",1,262.375,21.0,1,2,2,1,0,0,0,1,0,0,0,0,0,0,0,1,0,0,0
"Stranden, Mr. Juho",1,7.925,31.0,3,0,0,0,1,0,0,0,0,0,0,0,0,0,1,0,0,1,0
"Crosby, Capt. Edward Gifford",0,71.0,70.0,1,1,1,0,1,0,0,1,0,0,0,0,0,0,0,0,0,1,0
"Abbott, Mr. Rossmore Edward",0,20.25,16.0,3,1,1,0,1,0,0,0,0,0,0,0,0,0,1,0,0,1,0
"Sinkkonen, Miss. Anna",1,13.0,30.0,2,0,0,1,0,0,0,0,0,0,0,0,0,0,1,0,0,1,0
"Marvin, Mr. Daniel Warner",0,53.1,19.0,1,1,0,0,1,0,0,0,0,1,0,0,0,0,0,0,0,1,0
"Wells, Miss. Joan",1,23.0,4.0,2,1,1,1,0,0,0,0,0,0,0,0,0,0,1,0,0,1,0
"Moor, Master. Meier",1,12.475,6.0,3,0,1,0,1,0,0,0,0,0,1,0,0,0,0,0,0,1,0
"Vande Velde, Mr. Johannes Joseph",0,9.5,33.0,3,0,0,0,1,0,0,0,0,0,0,0,0,0,1,0,0,1,0
"Jonkoff, Mr. Lalio",0,7.8958,23.0,3,0,0,0,1,0,0,0,0,0,0,0,0,0,1,0,0,1,0
"Herman, Mrs. Samuel (Jane Laver)",1,65.0,48.0,2,1,2,1,0,0,0,0,0,0,0,0,0,0,1,0,0,1,0
"Hamalainen, Master. Viljo",1,14.5,0.67,2,1,1,0,1,0,0,0,0,0,0,0,0,0,1,0,0,1,0
"Bailey, Mr. Percy Andrew",0,11.5,18.0,2,0,0,0,1,0,0,0,0,0,0,0,0,0,1,0,0,1,0
"Theobald, Mr. Thomas Leonard",0,8.05,34.0,3,0,0,0,1,0,0,0,0,0,0,0,0,0,1,0,0,1,0
"Garfirth, Mr. John",0,14.5,-999.0,3,0,0,0,1,0,0,0,0,0,0,0,0,0,1,0,0,1,0
"Nirva, Mr. Iisakki Antino Aijo",0,7.125,41.0,3,0,0,0,1,0,0,0,0,0,0,0,0,0,1,0,0,1,0
"Barah, Mr. Hanna Assi",1,7.2292,20.0,3,0,0,0,1,0,0,0,0,0,0,0,0,0,1,1,0,0,0
"Carter, Mrs. William Ernest (Lucile Polk)",1,120.0,36.0,1,1,2,1,0,0,0,1,0,0,0,0,0,0,0,0,0,1,0
"Brewe, Dr. Arthur Jackson",0,39.6,-999.0,1,0,0,0,1,0,0,0,0,0,0,0,0,0,1,1,0,0,0
"Mangan, Miss. Mary",0,7.75,30.5,3,0,0,1,0,0,0,0,0,0,0,0,0,0,1,0,1,0,0
"Gronnestad, Mr. Daniel Danielsen",0,8.3625,32.0,3,0,0,0,1,0,0,0,0,0,0,0,0,0,1,0,0,1,0
"Jensen, Mr. Niels Peder",0,7.8542,48.0,3,0,0,0,1,0,0,0,0,0,0,0,0,0,1,0,0,1,0
"Mack, Mrs. (Mary)",0,10.5,57.0,2,0,0,1,0,0,0,0,0,0,1,0,0,0,0,0,0,1,0
"Elias, Mr. Dibo",0,7.225,-999.0,3,0,0,0,1,0,0,0,0,0,0,0,0,0,1,1,0,0,0
"Hocking, Mrs. Elizabeth (Eliza Needs)",1,23.0,54.0,2,1,3,1,0,0,0,0,0,0,0,0,0,0,1,0,0,1,0
"Myhrman, Mr. Pehr Fabian Oliver Malkolm",0,7.75,18.0,3,0,0,0,1,0,0,0,0,0,0,0,0,0,1,0,0,1,0
"Tobin, Mr. Roger",0,7.75,-999.0,3,0,0,0,1,0,0,0,0,0,0,1,0,0,0,0,1,0,0
"Emanuel, Miss. Virginia Ethel",1,12.475,5.0,3,0,0,1,0,0,0,0,0,0,0,0,0,0,1,0,0,1,0
"Kilgannon, Mr. Thomas J",0,7.7375,-999.0,3,0,0,0,1,0,0,0,0,0,0,0,0,0,1,0,1,0,0
"Long, Mr. Milton Clyde",0,30.0,29.0,1,0,0,0,1,0,0,0,0,1,0,0,0,0,0,0,0,1,0
"Harmer, Mr. Abraham (David Lishin)",0,7.25,25.0,3,0,0,0,1,0,0,0,0,0,0,0,0,0,1,0,0,1,0
"Rice, Master. George Hugh",0,29.125,8.0,3,4,1,0,1,0,0,0,0,0,0,0,0,0,1,0,1,0,0
"Dean, Master. Bertram Vere",1,20.575,1.0,3,1,2,0,1,0,0,0,0,0,0,0,0,0,1,0,0,1,0
"Keane, Mr. Andrew ""Andy""",0,7.75,-999.0,3,0,0,0,1,0,0,0,0,0,0,0,0,0,1,0,1,0,0
"Gaskell, Mr. Alfred",0,26.0,16.0,2,0,0,0,1,0,0,0,0,0,0,0,0,0,1,0,0,1,0
"Sage, Miss. Stella Anna",0,69.55,-999.0,3,8,2,1,0,0,0,0,0,0,0,0,0,0,1,0,0,1,0
"Hoyt, Mr. William Fisher",0,30.6958,-999.0,1,0,0,0,1,0,0,0,0,0,0,0,0,0,1,1,0,0,0
"Dantcheff, Mr. Ristiu",0,7.8958,25.0,3,0,0,0,1,0,0,0,0,0,0,0,0,0,1,0,0,1,0
"Otter, Mr. Richard",0,13.0,39.0,2,0,0,0,1,0,0,0,0,0,0,0,0,0,1,0,0,1,0
"Osman, Mrs. Mara",1,8.6833,31.0,3,0,0,1,0,0,0,0,0,0,0,0,0,0,1,0,0,1,0
"Ibrahim Shawah, Mr. Yousseff",0,7.2292,30.0,3,0,0,0,1,0,0,0,0,0,0,0,0,0,1,1,0,0,0
"Van Impe, Mrs. Jean Baptiste (Rosalie Paula Govaert)",0,24.15,30.0,3,1,1,1,0,0,0,0,0,0,0,0,0,0,1,0,0,1,0
"Ponesell, Mr. Martin",0,13.0,34.0,2,0,0,0,1,0,0,0,0,0,0,0,0,0,1,0,0,1,0
"Hedman, Mr. Oskar Arvid",1,6.975,27.0,3,0,0,0,1,0,0,0,0,0,0,0,0,0,1,0,0,1,0
"Andrews, Mr. Thomas Jr",0,0.0,39.0,1,0,0,0,1,0,1,0,0,0,0,0,0,0,0,0,0,1,0
"Pettersson, Miss. Ellen Natalia",0,7.775,18.0,3,0,0,1,0,0,0,0,0,0,0,0,0,0,1,0,0,1,0
"Meyer, Mr. August",0,13.0,39.0,2,0,0,0,1,0,0,0,0,0,0,0,0,0,1,0,0,1,0
"Chambers, Mrs. Norman Campbell (Bertha Griggs)",1,53.1,33.0,1,1,0,1,0,0,0,0,0,0,1,0,0,0,0,0,0,1,0
"Alexander, Mr. William",0,7.8875,26.0,3,0,0,0,1,0,0,0,0,0,0,0,0,0,1,0,0,1,0
"Lester, Mr. James",0,24.15,39.0,3,0,0,0,1,0,0,0,0,0,0,0,0,0,1,0,0,1,0
"Andersson, Miss. Ebba Iris Alfrida",0,31.275,6.0,3,4,2,1,0,0,0,0,0,0,0,0,0,0,1,0,0,1,0
"Fry, Mr. Richard",0,0.0,-999.0,1,0,0,0,1,0,0,1,0,0,0,0,0,0,0,0,0,1,0
"Heininen, Miss. Wendla Maria",0,7.925,23.0,3,0,0,1,0,0,0,0,0,0,0,0,0,0,1,0,0,1,0
"Mallet, Mr. Albert",0,37.0042,31.0,2,1,1,0,1,0,0,0,0,0,0,0,0,0,1,1,0,0,0
"Holm, Mr. John Fredrik Alexander",0,6.45,43.0,3,0,0,0,1,0,0,0,0,0,0,0,0,0,1,0,0,1,0
"Skoog, Master. Karl Thorsten",0,27.9,10.0,3,3,2,0,1,0,0,0,0,0,0,0,0,0,1,0,0,1,0
"Hays, Mrs. Charles Melville (Clara Jennings Gregg)",1,93.5,52.0,1,1,1,1,0,0,0,1,0,0,0,0,0,0,0,0,0,1,0
"Lulic, Mr. Nikola",1,8.6625,27.0,3,0,0,0,1,0,0,0,0,0,0,0,0,0,1,0,0,1,0
"Reuchlin, Jonkheer. John George",0,0.0,38.0,1,0,0,0,1,0,0,0,0,0,0,0,0,0,1,0,0,1,0
"Moor, Mrs. (Beila)",1,12.475,27.0,3,0,1,1,0,0,0,0,0,0,1,0,0,0,0,0,0,1,0
"Panula, Master. Urho Abraham",0,39.6875,2.0,3,4,1,0,1,0,0,0,0,0,0,0,0,0,1,0,0,1,0
"Flynn, Mr. John",0,6.95,-999.0,3,0,0,0,1,0,0,0,0,0,0,0,0,0,1,0,1,0,0
"Lam, Mr. Len",0,56.4958,-999.0,3,0,0,0,1,0,0,0,0,0,0,0,0,0,1,0,0,1,0
"Mallet, Master. Andre",1,37.0042,1.0,2,0,2,0,1,0,0,0,0,0,0,0,0,0,1,1,0,0,0
"Stone, Mrs. George Nelson (Martha Evelyn)",1,80.0,62.0,1,0,0,1,0,0,0,1,0,0,0,0,0,0,0,0,0,0,1
"Yasbeck, Mrs. Antoni (Selini Alexander)",1,14.4542,15.0,3,1,0,1,0,0,0,0,0,0,0,0,0,0,1,1,0,0,0
"Saad, Mr. Amin",0,7.2292,-999.0,3,0,0,0,1,0,0,0,0,0,0,0,0,0,1,1,0,0,0
"Augustsson, Mr. Albert",0,7.8542,23.0,3,0,0,0,1,0,0,0,0,0,0,0,0,0,1,0,0,1,0
"Allum, Mr. Owen George",0,8.3,18.0,3,0,0,0,1,0,0,0,0,0,0,0,0,0,1,0,0,1,0
"Compton, Miss. Sara Rebecca",1,83.1583,39.0,1,1,1,1,0,0,0,0,0,0,1,0,0,0,0,1,0,0,0
"Pasic, Mr. Jakob",0,8.6625,21.0,3,0,0,0,1,0,0,0,0,0,0,0,0,0,1,0,0,1,0
"Sirota, Mr. Maurice",0,8.05,-999.0,3,0,0,0,1,0,0,0,0,0,0,0,0,0,1,0,0,1,0
"Chip, Mr. Chang",1,56.4958,32.0,3,0,0,0,1,0,0,0,0,0,0,0,0,0,1,0,0,1,0
"Marechal, Mr. Pierre",1,29.7,-999.0,1,0,0,0,1,0,0,0,1,0,0,0,0,0,0,1,0,0,0
"Alhomaki, Mr. Ilmari Rudolf",0,7.925,20.0,3,0,0,0,1,0,0,0,0,0,0,0,0,0,1,0,0,1,0
"Serepeca, Miss. Augusta",1,31.0,30.0,1,0,0,1,0,0,0,0,0,0,0,0,0,0,1,1,0,0,0
"Culumovic, Mr. Jeso",0,8.6625,17.0,3,0,0,0,1,0,0,0,0,0,0,0,0,0,1,0,0,1,0
"Abbing, Mr. Anthony",0,7.55,42.0,3,0,0,0,1,0,0,0,0,0,0,0,0,0,1,0,0,1,0
"Markoff, Mr. Marin",0,7.8958,35.0,3,0,0,0,1,0,0,0,0,0,0,0,0,0,1,1,0,0,0
"Harper, Rev. John",0,33.0,28.0,2,0,1,0,1,0,0,0,0,0,0,0,0,0,1,0,0,1,0
"Goldenberg, Mrs. Samuel L (Edwiga Grabowska)",1,89.1042,-999.0,1,1,0,1,0,0,0,0,1,0,0,0,0,0,0,1,0,0,0
"Andersson, Master. Sigvard Harald Elias",0,31.275,4.0,3,4,2,0,1,0,0,0,0,0,0,0,0,0,1,0,0,1,0
"Svensson, Mr. Johan",0,7.775,74.0,3,0,0,0,1,0,0,0,0,0,0,0,0,0,1,0,0,1,0
"Lines, Miss. Mary Conover",1,39.4,16.0,1,0,1,1,0,0,0,0,0,1,0,0,0,0,0,0,0,1,0
"Carter, Mrs. Ernest Courtenay (Lilian Hughes)",0,26.0,44.0,2,1,0,1,0,0,0,0,0,0,0,0,0,0,1,0,0,1,0
"Wick, Mrs. George Dennick (Mary Hitchcock)",1,164.8667,45.0,1,1,1,1,0,0,0,0,0,0,0,0,0,0,1,0,0,1,0
"Daly, Mr. Peter Denis ",1,26.55,51.0,1,0,0,0,1,0,0,0,0,0,1,0,0,0,0,0,0,1,0
"Baclini, Mrs. Solomon (Latifa Qurban)",1,19.2583,24.0,3,0,3,1,0,0,0,0,0,0,0,0,0,0,1,1,0,0,0
"Hansen, Mr. Claus Peter",0,14.1083,41.0,3,2,0,0,1,0,0,0,0,0,0,0,0,0,1,0,0,1,0
"Giles, Mr. Frederick Edward",0,11.5,21.0,2,1,0,0,1,0,0,0,0,0,0,0,0,0,1,0,0,1,0
"Swift, Mrs. Frederick Joel (Margaret Welles Barron)",1,25.9292,48.0,1,0,0,1,0,0,0,0,0,1,0,0,0,0,0,0,0,1,0
"Sage, Miss. Dorothy Edith ""Dolly""",0,69.55,-999.0,3,8,2,1,0,0,0,0,0,0,0,0,0,0,1,0,0,1,0
"Gill, Mr. John William",0,13.0,24.0,2,0,0,0,1,0,0,0,0,0,0,0,0,0,1,0,0,1,0
"Bystrom, Mrs. (Karolina)",1,13.0,42.0,2,0,0,1,0,0,0,0,0,0,0,0,0,0,1,0,0,1,0
"Duran y More, Miss. Asuncion",1,13.8583,27.0,2,1,0,1,0,0,0,0,0,0,0,0,0,0,1,1,0,0,0
"Roebling, Mr. Washington Augustus II",0,50.4958,31.0,1,0,0,0,1,0,1,0,0,0,0,0,0,0,0,0,0,1,0
"van Melkebeke, Mr. Philemon",0,9.5,-999.0,3,0,0,0,1,0,0,0,0,0,0,0,0,0,1,0,0,1,0
"Balkic, Mr. Cerin",0,7.8958,26.0,3,0,0,0,1,0,0,0,0,0,0,0,0,0,1,0,0,1,0
"Beckwith, Mrs. Richard Leonard (Sallie Monypeny)",1,52.5542,47.0,1,1,1,1,0,0,0,0,0,1,0,0,0,0,0,0,0,1,0
"Vander Cruyssen, Mr. Victor",0,9.0,47.0,3,0,0,0,1,0,0,0,0,0,0,0,0,0,1,0,0,1,0
"Abelson, Mrs. Samuel (Hannah Wizosky)",1,24.0,28.0,2,1,0,1,0,0,0,0,0,0,0,0,0,0,1,1,0,0,0
"Najib, Miss. Adele Kiamie ""Jane""",1,7.225,15.0,3,0,0,1,0,0,0,0,0,0,0,0,0,0,1,1,0,0,0
"Petroff, Mr. Nedelio",0,7.8958,19.0,3,0,0,0,1,0,0,0,0,0,0,0,0,0,1,0,0,1,0
"Laleff, Mr. Kristo",0,7.8958,-999.0,3,0,0,0,1,0,0,0,0,0,0,0,0,0,1,0,0,1,0
"Potter, Mrs. Thomas Jr (Lily Alexenia Wilson)",1,83.1583,56.0,1,0,1,1,0,0,0,0,1,0,0,0,0,0,0,1,0,0,0
"Shelley, Mrs. William (Imanita Parrish Hall)",1,26.0,25.0,2,0,1,1,0,0,0,0,0,0,0,0,0,0,1,0,0,1,0
"Markun, Mr. Johann",0,7.8958,33.0,3,0,0,0,1,0,0,0,0,0,0,0,0,0,1,0,0,1,0
"Dahlberg, Miss. Gerda Ulrika",0,10.5167,22.0,3,0,0,1,0,0,0,0,0,0,0,0,0,0,1,0,0,1,0
"Banfield, Mr. Frederick James",0,10.5,28.0,2,0,0,0,1,0,0,0,0,0,0,0,0,0,1,0,0,1,0
"Sutehall, Mr. Henry Jr",0,7.05,25.0,3,0,0,0,1,0,0,0,0,0,0,0,0,0,1,0,0,1,0
"Rice, Mrs. William (Margaret Norton)",0,29.125,39.0,3,0,5,1,0,0,0,0,0,0,0,0,0,0,1,0,1,0,0
"Graham, Miss. Margaret Edith",1,30.0,19.0,1,0,0,1,0,0,0,1,0,0,0,0,0,0,0,0,0,1,0
"Johnston, Miss. Catherine Helen ""Carrie""",0,23.45,-999.0,3,1,2,1,0,0,0,0,0,0,0,0,0,0,1,0,0,1,0
"Behr, Mr. Karl Howell",1,30.0,26.0,1,0,0,0,1,0,0,0,1,0,0,0,0,0,0,1,0,0,0
"Dooley, Mr. Patrick",0,7.75,32.0,3,0,0,0,1,0,0,0,0,0,0,0,0,0,1,0,1,0,0
